# MySQL file for Zen Cart Demo Products load
#
# $Id: mysql_demo.sql 19124 2011-07-16 18:41:54Z wilt $
#
# Simplified Chinese version,  http://www.zen-cart.cn
#

# Configuration Settings:
UPDATE configuration SET configuration_value='true' WHERE configuration_key='DOWNLOAD_ENABLED';

#
# Dumping data for table `address_book`
#

INSERT INTO address_book (address_book_id, customers_id, entry_gender, entry_company, entry_firstname, entry_lastname, entry_street_address, entry_suburb, entry_postcode, entry_city, entry_state, entry_country_id, entry_zone_id) VALUES (NULL, 1, 'm', 'JustaDemo', 'Bill', 'Smith', '123 Any Avenue', '', '12345', 'Here', '', 223, 12);

#
# Dumping data for table `categories`
#

INSERT INTO categories (categories_id, categories_image, parent_id, sort_order, date_added, last_modified, categories_status) VALUES (1, 'categories/category_hardware.gif', 0, 1, '2003-12-23 03:18:19', '2004-05-21 00:32:17', 1),
(2, 'categories/category_software.gif', 0, 2, '2003-12-23 03:18:19', '2004-05-22 21:14:57', 1),
(3, 'categories/category_dvd_movies.gif', 0, 3, '2003-12-23 03:18:19', '2004-05-21 00:22:39', 1),
(4, 'categories/subcategory_graphic_cards.gif', 1, 0, '2003-12-23 03:18:19', NULL, 1),
(5, 'categories/subcategory_printers.gif', 1, 0, '2003-12-23 03:18:19', NULL, 1),
(6, 'categories/subcategory_monitors.gif', 1, 0, '2003-12-23 03:18:19', NULL, 1),
(7, 'categories/subcategory_speakers.gif', 1, 0, '2003-12-23 03:18:19', NULL, 1),
(8, 'categories/subcategory_keyboards.gif', 1, 0, '2003-12-23 03:18:19', NULL, 1),
(9, 'categories/subcategory_mice.gif', 1, 0, '2003-12-23 03:18:19', '2004-05-21 00:34:10', 1),
(10, 'categories/subcategory_action.gif', 3, 0, '2003-12-23 03:18:19', '2004-05-21 00:39:17', 1),
(11, 'categories/subcategory_science_fiction.gif', 3, 0, '2003-12-23 03:18:19', NULL, 1),
(12, 'categories/subcategory_comedy.gif', 3, 0, '2003-12-23 03:18:19', NULL, 1),
(13, 'categories/subcategory_cartoons.gif', 3, 0, '2003-12-23 03:18:19', '2004-05-21 00:23:13', 1),
(14, 'categories/subcategory_thriller.gif', 3, 0, '2003-12-23 03:18:19', NULL, 1),
(15, 'categories/subcategory_drama.gif', 3, 0, '2003-12-23 03:18:19', NULL, 1),
(16, 'categories/subcategory_memory.gif', 1, 0, '2003-12-23 03:18:19', NULL, 1),
(17, 'categories/subcategory_cdrom_drives.gif', 1, 0, '2003-12-23 03:18:19', NULL, 1),
(18, 'categories/subcategory_simulation.gif', 2, 0, '2003-12-23 03:18:19', NULL, 1),
(19, 'categories/subcategory_action_games.gif', 2, 0, '2003-12-23 03:18:19', NULL, 1),
(20, 'categories/subcategory_strategy.gif', 2, 0, '2003-12-23 03:18:19', NULL, 1),
(21, 'categories/gv_25.gif', 0, 4, '2003-12-23 03:18:19', '2004-05-21 00:26:06', 1),
(22, 'categories/box_of_color.gif', 0, 5, '2003-12-23 03:18:19', '2004-05-21 00:28:43', 1),
(23, 'waybkgnd.gif', 0, 500, '2003-12-28 02:26:19', '2003-12-29 23:21:35', 1),
(24, 'categories/category_free.gif', 0, 600, '2003-12-28 11:48:46', '2004-01-02 19:13:45', 1),
(25, 'sample_image.gif', 0, 515, '2003-12-31 02:39:17', '2004-01-24 01:49:12', 1),
(27, 'sample_image.gif', 49, 10, '2004-01-04 14:13:08', '2004-01-24 16:16:23', 1),
(28, 'sample_image.gif', 0, 510, '2004-01-04 17:13:47', '2004-01-05 23:54:23', 1),
(31, 'sample_image.gif', 48, 30, '2004-01-04 23:16:46', '2004-01-24 01:48:29', 1),
(32, 'sample_image.gif', 48, 40, '2004-01-05 01:34:56', '2004-01-24 01:48:36', 1),
(33, 'categories/subcategory.gif', 0, 700, '2004-01-05 02:08:31', '2004-05-20 10:35:31', 1),
(34, 'categories/subcategory.gif', 33, 10, '2004-01-05 02:08:50', '2004-05-20 10:35:57', 1),
(35, 'categories/subcategory.gif', 33, 20, '2004-01-05 02:09:01', '2004-01-24 00:07:33', 1),
(36, 'categories/subcategory.gif', 33, 30, '2004-01-05 02:09:12', '2004-01-24 00:07:41', 1),
(37, 'categories/subcategory.gif', 35, 10, '2004-01-05 02:09:28', '2004-01-24 00:22:39', 1),
(38, 'categories/subcategory.gif', 35, 20, '2004-01-05 02:09:39', '2004-01-24 00:22:46', 1),
(39, 'categories/subcategory.gif', 35, 30, '2004-01-05 02:09:49', '2004-01-24 00:22:53', 1),
(40, 'categories/subcategory.gif', 34, 10, '2004-01-05 02:17:27', '2004-05-20 10:36:19', 1),
(41, 'categories/subcategory.gif', 36, 10, '2004-01-05 02:21:02', '2004-01-24 00:23:04', 1),
(42, 'categories/subcategory.gif', 36, 30, '2004-01-05 02:21:14', '2004-01-24 00:23:18', 1),
(43, 'categories/subcategory.gif', 34, 20, '2004-01-05 02:21:29', '2004-01-24 00:21:37', 1),
(44, 'categories/subcategory.gif', 36, 20, '2004-01-05 02:21:47', '2004-01-24 00:23:11', 1),
(45, 'sample_image.gif', 48, 10, '2004-01-05 23:54:56', '2004-01-24 01:48:22', 1),
(46, 'sample_image.gif', 50, 10, '2004-01-06 00:01:48', '2004-01-24 01:39:56', 1),
(47, 'sample_image.gif', 48, 20, '2004-01-06 03:09:57', '2004-01-24 01:48:05', 1),
(48, 'sample_image.gif', 0, 1000, '2004-01-07 02:24:07', '2004-01-07 02:44:26', 1),
(49, 'sample_image.gif', 0, 1100, '2004-01-07 02:27:31', '2004-01-07 02:44:34', 1),
(50, 'sample_image.gif', 0, 1200, '2004-01-07 02:28:18', '2004-01-07 02:47:19', 1),
(51, 'sample_image.gif', 50, 20, '2004-01-07 02:33:55', '2004-01-24 01:40:05', 1),
(52, 'sample_image.gif', 49, 20, '2004-01-24 16:09:35', '2004-01-24 16:16:33', 1),
(53, 'categories/subcategory.gif', 0, 1500, '2004-04-25 23:07:41', NULL, 1),
(54, 'categories/subcategory.gif', 0, 1510, '2004-04-26 12:02:35', '2004-05-20 11:45:20', 1),
(55, 'categories/subcategory.gif', 54, 0, '2004-04-28 01:48:47', '2004-05-20 11:45:51', 1),
(56, 'categories/subcategory.gif', 54, 0, '2004-04-28 01:49:16', '2004-04-28 01:53:14', 1),
(57, 'categories/subcategory.gif', 54, 0, '2004-05-01 01:29:13', NULL, 1),
(58, 'categories/subcategory.gif', 54, 110, '2004-05-02 12:35:02', '2004-05-18 10:46:13', 1),
(60, 'categories/subcategory.gif', 54, 0, '2004-05-02 23:45:21', NULL, 1),
(61, 'categories/subcategory.gif', 54, 100, '2004-05-18 10:13:46', '2004-05-18 10:46:02', 1),
(62, 'sample_image.gif', 0, 1520, '2003-12-23 03:18:19', '2004-05-22 21:14:57', 1),
(63, 'categories/subcategory.gif', 0, 1530, '2003-12-23 03:18:19', '2004-07-12 17:45:24', 1),
(64, 'categories/subcategory.gif', 0, 1550, '2004-07-12 15:22:27', NULL, 1);

#
# Dumping data for table `categories_description`
#

INSERT INTO categories_description (categories_id, language_id, categories_name, categories_description) VALUES (1, 1, 'Hardware', 'We offer a variety of Hardware from printers to graphics cards and mice to keyboards.'),
(2, 1, 'Software', 'Select from an exciting list of software titles. <br /><br />Not seeing a title that you are looking for?'),
(3, 1, 'DVD Movies', 'We offer a variety of DVD movies enjoyable for the whole family.<br /><br />Please browse the various categories to find your favorite movie today!'),
(4, 1, 'Graphics Cards', ''),
(5, 1, 'Printers', ''),
(6, 1, 'Monitors', ''),
(7, 1, 'Speakers', ''),
(8, 1, 'Keyboards', ''),
(9, 1, 'Mice', 'Pick the right mouse for your individual computer needs!<br /><br />Contact Us if you are looking for a particular mouse that we do not currently have in stock.'),
(10, 1, 'Action', '<p>Get into the action with our Action collection of DVD movies!<br /><br />Don\'t miss the excitement and order your\'s today!<br /><br /></p>'),
(11, 1, 'Science Fiction', ''),
(12, 1, 'Comedy', ''),
(13, 1, 'Cartoons', 'Something you can enjoy with children of all ages!'),
(14, 1, 'Thriller', ''),
(15, 1, 'Drama', ''),
(16, 1, 'Memory', ''),
(17, 1, 'CDROM Drives', ''),
(18, 1, 'Simulation', ''),
(19, 1, 'Action', ''),
(20, 1, 'Strategy', ''),
(60, 1, 'Downloads', ''),
(58, 1, 'Real Sale', ''),
(21, 1, 'Gift Certificates', 'Send a Gift Certificate today!<br /><br />Gift Certificates are good for anything in the store.'),
(57, 1, 'Text Pricing', ''),
(56, 1, 'Attributes', ''),
(22, 1, 'Big Linked', 'All of these products are &quot;Linked Products&quot;.<br /><br />This means that they appear in more than one Category.<br /><br />However, you only have to maintain the product in one place.<br /><br />The Master Product is used for pricing purposes.'),
(55, 1, 'Discount Qty', '<p>Discount Quantities can be set for Products or on the individual attributes.<br /><br />Discounts on the Product do NOT reflect on the attributes price.<br /><br />Only discounts based on Special and Sale Prices are applied to attribute prices.</p>'),
(23, 1, 'Test Examples', ''),
(24, 1, 'Free Call Stuff', ''),
(25, 1, 'Test 10% by Attrib', ''),
(27, 1, '$5.00 off', ''),
(28, 1, 'Test 10%', ''),
(31, 1, '10% off Skip', ''),
(32, 1, '10% off Price', ''),
(47, 1, '10% off Attrib', ''),
(33, 1, 'A Top Level Cat', '<p>This is a top level category description.</p>'),
(34, 1, 'SubLevel 2 A', 'This is a sublevel category description.'),
(35, 1, 'SubLevel 2 B', ''),
(36, 1, 'SubLevel 2 C', ''),
(37, 1, 'Sub Sub Cat 2B1', ''),
(38, 1, 'Sub Sub Cat 2B2', ''),
(39, 1, 'Sub Sub Cat 2B3', ''),
(40, 1, 'Sub Sub Cat 2A1', 'This is a sub-sub level category description.'),
(41, 1, 'Sub Sub Cat 2C1', ''),
(42, 1, 'Sub Sub Cat 2C3', ''),
(43, 1, 'Sub Sub Cat 2A2', ''),
(44, 1, 'Sub Sub Cat 2C2', ''),
(45, 1, '10% off', ''),
(46, 1, 'Set $100', ''),
(48, 1, 'Sale Percentage', ''),
(49, 1, 'Sale Deduction', ''),
(50, 1, 'Sale New Price', ''),
(51, 1, 'Set $100 Skip', ''),
(52, 1, '$5.00 off Skip', ''),
(53, 1, 'Big Unlinked', ''),
(54, 1, 'New v1.2', '<p>The New Products show many of the newest features that have been added to Zen Cart.<br /><br />Take the time to review these and the other Demo Products to better understand all the options and features that Zen Cart has to offer.</p>'),
(61, 1, 'Real', ''),
(62, 1, 'Music', ''),
(63, 1, 'Documents', 'Documents can now be added to the category tree. For example you may want to add servicing/Technical documents. Or use Documents as an integrated FAQ system on your site. The implemetation here is fairly spartan, but could be expanded to offer PDF downloads, links to purchaseable download files. The possibilities are endless and left to your imagination.'),
(64, 1, 'Mixed Product Types', 'This is a category with mixed product types.\r\n\r\nThis includes both products and documents. There are two types of documents - Documents that are for reading and Documents that are for reading and purchasing.');

#
# Dumping data for table `customers`
#

INSERT INTO customers (customers_id, customers_gender, customers_firstname, customers_lastname, customers_dob, customers_email_address, customers_nick, customers_default_address_id, customers_telephone, customers_fax, customers_password, customers_newsletter, customers_group_pricing, customers_email_format, customers_authorization, customers_referral) VALUES (NULL, 'm', 'Bill', 'Smith', '2001-01-01 00:00:00', 'root@localhost.com', '', 1, '12345', '', 'd95e8fa7f20a009372eb3477473fcd34:1c', '0', 0, 'TEXT', 0, '');

#
# Dumping data for table `customers_info`
#

INSERT INTO customers_info (customers_info_id, customers_info_date_of_last_logon, customers_info_number_of_logons, customers_info_date_account_created, customers_info_date_account_last_modified, global_product_notifications) VALUES (1, '0001-01-01 00:00:00', 0, '2004-01-21 01:35:28', '0001-01-01 00:00:00', 0);

#
# Dumping data for table ezpages
#

INSERT INTO ezpages (pages_id, alt_url, alt_url_external, status_header, status_sidebox, status_footer, status_toc, header_sort_order, sidebox_sort_order, footer_sort_order, toc_sort_order, page_open_new_window, page_is_ssl, toc_chapter) VALUES (1, 'index.php?main_page=shippinginfo', '', 0, 1, 1, 1, 0, 35, 30, 10, 0, 0, 10), (2, 'index.php?main_page=contact_us', '', 0, 1, 0, 0, 0, 80, 90, 0, 0, 0, 0), (3, '', '', 1, 1, 0, 0, 20, 20, 0, 0, 0, 0, 0), (4, 'index.php?main_page=featured_products', '', 1, 0, 0, 0, 60, 0, 0, 0, 0, 0, 0), (5, 'index.php?main_page=site_map', '', 0, 0, 1, 0, 0, 70, 70, 0, 0, 0, 0), (6, 'index.php?main_page=privacy', '', 0, 1, 1, 0, 0, 40, 40, 0, 0, 0, 0), (7, 'index.php?main_page=unsubscribe', '', 0, 1, 0, 0, 0, 75, 0, 0, 0, 0, 0), (8, '', '', 0, 1, 0, 0, 0, 60, 0, 0, 0, 0, 0), (9, 'index.php', '', 1, 0, 0, 0, 0, 0, 0, 0, 0, 0, 0), (10, 'index.php?main_page=products_new', '', 1, 0, 0, 0, 55, 0, 0, 0, 0, 0, 0), (11, 'index.php?main_page=conditions', '', 0, 1, 1, 0, 0, 30, 20, 0, 0, 0, 0), (12, 'index.php?main_page=specials', '', 1, 0, 0, 0, 80, 0, 0, 0, 0, 0, 0), (13, 'index.php?main_page=create_account', '', 1, 0, 0, 0, 90, 0, 0, 0, 0, 0, 0);

INSERT INTO ezpages_content (pc_id, pages_id, languages_id, pages_title, pages_html_text) VALUES (1, 1, 2, '发货付款', ''), (2, 1, 1, 'Shipping', ''), (3, 2, 2, '联系我们', ''), (4, 2, 1, 'Contact Us', ''), (5, 3, 2, '本店新闻', '演示商店正式开张<br /><br />所有商品都是演示用途，本站非营业网站<br /><br />下单仅限于测试各项功能'), (6, 3, 1, 'News', 'This store is for demo purpose only. No order will be processed.'), (7, 4, 2, '推荐商品', ''), (8, 4, 1, 'Featured Products', ''), (9, 5, 2, '网站地图', ''), (10, 5, 1, 'Site Map', ''), (11, 6, 2, '隐私声明', ''), (12, 6, 1, 'Privacy', ''), (13, 7, 2, '电子商情', ''), (14, 7, 1, 'Newsletter', ''), (15, 8, 2, '公司简介', ''), (16, 8, 1, 'About Us', ''), (17, 9, 2, '首页', ''), (18, 9, 1, 'Home', ''), (19, 10, 2, '新进商品', ''), (20, 10, 1, 'New Products', ''), (21, 11, 2, '顾客须知', ''), (22, 11, 1, 'Conditions of Use', ''), (23, 12, 2, '特价商品', ''), (24, 12, 1, 'Specials', ''), (25, 13, 2, '注册', ''), (26, 13, 1, 'Register', '');

#
# Dumping data for table `featured`
#

INSERT INTO featured (featured_id, products_id, featured_date_added, featured_last_modified, expires_date, date_status_change, status, featured_date_available) VALUES (1, 34, '2004-02-21 16:34:31', '2004-02-21 16:34:31', '0001-01-01', '2004-02-21 16:34:31', 1, '0001-01-01'),
(2, 8, '2004-02-21 17:04:54', '2004-02-21 22:31:52', '2004-02-27', '2004-04-25 22:50:50', 0, '2004-02-21'),
(3, 12, '2004-02-21 17:10:49', '2004-02-21 17:10:49', '0001-01-01', '2004-02-21 17:10:49', 1, '0001-01-01'),
(4, 27, '2004-02-21 22:30:53', NULL, '0001-01-01', NULL, 1, '0001-01-01'),
(5, 26, '2004-02-21 22:31:24', NULL, '0001-01-01', NULL, 1, '0001-01-01'),
(6, 40, '2004-05-13 22:50:33', NULL, '0001-01-01', NULL, 1, '0001-01-01'),
(7, 171, '2004-07-12 15:47:22', NULL, '0001-01-01', NULL, 1, '0001-01-01'),
(8, 172, '2004-07-12 15:47:29', NULL, '0001-01-01', NULL, 1, '0001-01-01'),
(9, 168, '2004-07-12 15:47:37', NULL, '0001-01-01', NULL, 1, '0001-01-01'),
(10, 169, '2004-07-12 15:47:45', NULL, '0001-01-01', NULL, 1, '0001-01-01');

#
# Dumping data for table `group_pricing`
#

INSERT INTO group_pricing (group_id, group_name, group_percentage, last_modified, date_added) VALUES (1, 'VIP客户', '10.00', NULL, '2004-04-29 00:21:04');

#
# Dumping data for table `manufacturers`
#

INSERT INTO manufacturers (manufacturers_id, manufacturers_name, manufacturers_image, date_added, last_modified) VALUES (1, 'Matrox', 'manufacturers/manufacturer_matrox.gif', '2003-12-23 03:18:19', NULL),
(2, 'Microsoft', 'manufacturers/manufacturer_microsoft.gif', '2003-12-23 03:18:19', NULL),
(3, 'Warner', 'manufacturers/manufacturer_warner.gif', '2003-12-23 03:18:19', NULL),
(4, 'Fox', 'manufacturers/manufacturer_fox.gif', '2003-12-23 03:18:19', NULL),
(5, 'Logitech', 'manufacturers/manufacturer_logitech.gif', '2003-12-23 03:18:19', NULL),
(6, 'Canon', 'manufacturers/manufacturer_canon.gif', '2003-12-23 03:18:19', NULL),
(7, 'Sierra', 'manufacturers/manufacturer_sierra.gif', '2003-12-23 03:18:19', NULL),
(8, 'GT Interactive', 'manufacturers/manufacturer_gt_interactive.gif', '2003-12-23 03:18:19', NULL),
(9, 'Hewlett Packard', 'manufacturers/manufacturer_hewlett_packard.gif', '2003-12-23 03:18:19', NULL);

#
# Dumping data for table `manufacturers_info`
#

INSERT INTO manufacturers_info (manufacturers_id, languages_id, manufacturers_url, url_clicked, date_last_click) VALUES (1, 1, 'http://www.matrox.com', 0, NULL),
(2, 1, 'http://www.microsoft.com', 0, NULL),
(3, 1, 'http://www.warner.com', 0, NULL),
(4, 1, 'http://www.fox.com', 0, NULL),
(5, 1, 'http://www.logitech.com', 0, NULL),
(6, 1, 'http://www.canon.com', 0, NULL),
(7, 1, 'http://www.sierra.com', 0, NULL),
(8, 1, 'http://www.infogrames.com', 0, NULL),
(9, 1, 'http://www.hewlettpackard.com', 0, NULL);

#
# Dumping data for table `media_clips`
#

INSERT INTO media_clips (clip_id, media_id, clip_type, clip_filename, date_added, last_modified) VALUES (1, 1, 1, 'thehunter.mp3', '2004-06-01 20:57:43', '0000-00-00 00:00:00'),
(6, 2, 1, 'thehunter.mp3', '2004-07-13 00:45:09', '0000-00-00 00:00:00');

#
# Dumping data for table `media_manager`
#

INSERT INTO media_manager (media_id, media_name, last_modified, date_added) VALUES (1, 'Russ Tippins - The Hunter', '2004-06-01 20:57:43', '2004-06-01 20:42:53'),
(2, 'Help!', '2004-07-13 01:01:14', '2004-07-12 17:57:45');

#
# Dumping data for table `media_to_products`
#

INSERT INTO media_to_products (media_id, product_id) VALUES (1, 166),
(2, 169);

#
# Dumping data for table `media_types`
#

#INSERT INTO media_types (type_id, type_name, type_ext) VALUES (1, 'MP3', '.mp3');

#
# Dumping data for table `music_genre`
#

INSERT INTO music_genre (music_genre_id, music_genre_name, date_added, last_modified) VALUES (1, '摇滚', '2004-06-01 20:53:26', NULL),
(2, '爵士', '2004-06-01 20:53:45', NULL);

#
# Dumping data for table `product_music_extra`
#

INSERT INTO product_music_extra (products_id, artists_id, record_company_id, music_genre_id) VALUES (166, 1, 0, 1),
(169, 1, 1, 2);

#
# Dumping data for table `product_types_to_category`
#

INSERT INTO product_types_to_category (product_type_id, category_id) VALUES (3, 63),
(4, 63), (2, 62);

#
# Dumping data for table `products`
#

INSERT INTO products (products_id, products_type, products_quantity, products_model, products_image, products_price, products_virtual, products_date_added, products_last_modified, products_date_available, products_weight, products_status, products_tax_class_id, manufacturers_id, products_ordered, products_quantity_order_min, products_quantity_order_units, products_priced_by_attribute, product_is_free, product_is_call, products_quantity_mixed, product_is_always_free_shipping, products_qty_box_status, products_quantity_order_max, products_sort_order, products_discount_type, products_discount_type_from, products_price_sorter, master_categories_id, products_mixed_discount_quantity) VALUES (1, 1, '31', 'MG200MMS', 'matrox/mg200mms.gif', '299.9900', 0, '2003-11-03 12:32:17', '2004-04-26 23:57:34', NULL, '23.00', 1, 1, 1, '1', '1', '1', 0, 0, 0, 0, 0, 1, '0', 0, 0, 0, '299.9900', 4, 1),
(2, 1, '31', 'MG400-32MB', 'matrox/mg400-32mb.gif', '499.9900', 0, '2003-11-03 12:32:17', NULL, NULL, '23.00', 1, 1, 1, '1', '1', '1', 0, 0, 0, 0, 0, 1, '0', 0, 0, 0, '499.9900', 4, 1),
(3, 1, '500', 'MSIMPRO', 'microsoft/msimpro.gif', '49.9900', 0, '2003-11-03 12:32:17', NULL, NULL, '7.00', 1, 1, 2, '1', '1', '1', 0, 0, 0, 0, 0, 1, '0', 0, 0, 0, '39.9900', 9, 1),
(4, 1, '12', 'DVD-RPMK', 'dvd/replacement_killers.gif', '42.0000', 0, '2003-11-03 12:32:17', NULL, NULL, '23.00', 1, 1, 3, '1', '1', '1', 0, 0, 0, 0, 0, 1, '0', 0, 0, 0, '42.0000', 10, 1),
(5, 1, '15', 'DVD-BLDRNDC', 'dvd/blade_runner.gif', '35.9900', 0, '2003-11-03 12:32:17', '2003-12-23 00:44:28', NULL, '7.00', 1, 1, 3, '2', '1', '1', 0, 0, 0, 0, 0, 1, '0', 0, 0, 0, '30.0000', 11, 1),
(6, 1, '8', 'DVD-MATR', 'dvd/the_matrix.gif', '39.9900', 0, '2003-11-03 12:32:17', '2003-12-23 00:48:28', NULL, '7.00', 1, 1, 3, '2', '1', '1', 0, 0, 0, 0, 0, 1, '0', 0, 0, 0, '30.0000', 10, 1),
(7, 1, '500', 'DVD-YGEM', 'dvd/youve_got_mail.gif', '34.9900', 0, '2003-11-03 12:32:17', '2004-04-27 14:53:17', NULL, '7.00', 1, 1, 3, '5', '1', '1', 0, 0, 0, 0, 0, 1, '0', 0, 0, 0, '34.9900', 12, 1),
(8, 1, '499', 'DVD-ABUG', 'dvd/a_bugs_life.gif', '35.9900', 0, '2003-11-03 12:32:17', '2004-04-27 14:52:54', NULL, '7.00', 1, 1, 3, '6', '1', '1', 0, 0, 0, 0, 0, 1, '0', 10, 1, 1, '35.9900', 13, 1),
(9, 1, '10', 'DVD-UNSG', 'dvd/under_siege.gif', '29.9900', 0, '2003-11-03 12:32:17', '2004-05-17 13:35:27', NULL, '7.00', 1, 1, 3, '0', '1', '1', 0, 0, 0, 0, 0, 1, '0', 0, 0, 0, '29.9900', 10, 1),
(10, 1, '9', 'DVD-UNSG2', 'dvd/under_siege2.gif', '29.9900', 0, '2003-11-03 12:32:17', NULL, NULL, '7.00', 1, 1, 3, '1', '1', '1', 0, 0, 0, 0, 0, 1, '0', 0, 0, 0, '29.9900', 10, 1),
(11, 1, '10', 'DVD-FDBL', 'dvd/fire_down_below.gif', '29.9900', 0, '2003-11-03 12:32:17', '2003-12-23 00:43:40', NULL, '7.00', 1, 1, 3, '0', '1', '1', 0, 0, 0, 0, 0, 1, '0', 0, 0, 0, '29.9900', 10, 1),
(12, 1, '9', 'DVD-DHWV', 'dvd/die_hard_3.gif', '39.9900', 0, '2003-11-03 12:32:17', '2004-05-16 00:34:33', NULL, '7.00', 1, 1, 4, '6', '1', '1', 0, 0, 0, 0, 0, 1, '0', 0, 0, 0, '39.9900', 10, 1),
(13, 1, '10', 'DVD-LTWP', 'dvd/lethal_weapon.gif', '34.9900', 0, '2003-11-03 12:32:17', '2004-04-27 00:07:35', NULL, '7.00', 1, 1, 3, '0', '1', '1', 0, 0, 0, 0, 0, 1, '0', 0, 0, 0, '34.9900', 10, 1),
(14, 1, '9', 'DVD-REDC', 'dvd/red_corner.gif', '32.0000', 0, '2003-11-03 12:32:17', '2003-12-23 00:47:39', NULL, '7.00', 1, 1, 3, '1', '1', '1', 0, 0, 0, 0, 0, 1, '0', 0, 0, 0, '32.0000', 15, 1),
(15, 1, '9', 'DVD-FRAN', 'dvd/frantic.gif', '35.0000', 0, '2003-11-03 12:32:17', '2003-12-23 00:43:55', NULL, '7.00', 1, 1, 3, '1', '1', '1', 0, 0, 0, 0, 0, 1, '0', 0, 0, 0, '35.0000', 14, 1),
(16, 1, '9', 'DVD-CUFI', 'dvd/courage_under_fire.gif', '38.9900', 0, '2003-11-03 12:32:17', '2003-12-23 00:42:57', '2008-02-21 00:00:00', '7.00', 1, 1, 4, '1', '1', '1', 0, 0, 0, 0, 0, 1, '0', 0, 0, 0, '29.9900', 15, 1),
(17, 1, '10', 'DVD-SPEED', 'dvd/speed.gif', '39.9900', 0, '2003-11-03 12:32:17', '2003-12-23 00:47:51', NULL, '7.00', 1, 1, 4, '0', '1', '1', 0, 0, 0, 0, 0, 1, '0', 0, 0, 0, '39.9900', 10, 1),
(18, 1, '10', 'DVD-SPEED2', 'dvd/speed_2.gif', '42.0000', 0, '2003-11-03 12:32:17', NULL, NULL, '7.00', 1, 1, 4, '0', '1', '1', 0, 0, 0, 0, 0, 1, '0', 0, 0, 0, '42.0000', 10, 1),
(19, 1, '10', 'DVD-TSAB', 'dvd/theres_something_about_mary.gif', '49.9900', 0, '2003-11-03 12:32:17', '2003-12-23 00:49:00', NULL, '7.00', 1, 1, 4, '0', '1', '1', 0, 0, 0, 0, 0, 1, '0', 0, 0, 0, '49.9900', 12, 1),
(20, 1, '8', 'DVD-BELOVED', 'dvd/beloved.gif', '54.9900', 0, '2003-11-03 12:32:17', '2003-12-23 00:42:34', NULL, '7.00', 1, 1, 3, '2', '1', '1', 0, 0, 0, 0, 0, 1, '0', 0, 0, 0, '54.9900', 15, 1),
(21, 1, '16', 'PC-SWAT3', 'sierra/swat_3.gif', '79.9900', 0, '2003-11-03 12:32:17', '2004-04-27 14:51:00', NULL, '7.00', 1, 1, 7, '0', '1', '1', 0, 0, 0, 0, 0, 1, '0', 0, 0, 0, '79.9900', 18, 1),
(22, 1, '13', 'PC-UNTM', 'gt_interactive/unreal_tournament.gif', '89.9900', 0, '2003-11-03 12:32:17', '2003-12-23 00:49:29', NULL, '7.00', 1, 1, 8, '9', '1', '1', 0, 0, 0, 0, 0, 1, '0', 0, 0, 0, '89.9900', 19, 1),
(23, 1, '16', 'PC-TWOF', 'gt_interactive/wheel_of_time.gif', '99.9900', 0, '2003-11-03 12:32:17', '2003-12-23 00:48:50', NULL, '10.00', 1, 1, 8, '0', '1', '1', 0, 0, 0, 0, 0, 1, '0', 0, 0, 0, '99.9900', 20, 1),
(24, 1, '16', 'PC-DISC', 'gt_interactive/disciples.gif', '90.0000', 0, '2003-11-03 12:32:17', '2003-12-23 00:43:24', NULL, '8.00', 1, 1, 8, '1', '1', '1', 0, 0, 0, 0, 0, 1, '0', 0, 0, 0, '90.0000', 20, 1),
(25, 1, '16', 'MSINTKB', 'microsoft/intkeyboardps2.gif', '69.9900', 0, '2003-11-03 12:32:17', '2004-01-04 03:02:41', NULL, '8.00', 1, 1, 2, '0', '1', '1', 0, 0, 0, 0, 0, 1, '0', 0, 0, 0, '69.9900', 8, 1),
(26, 1, '9', 'MSIMEXP', 'microsoft/imexplorer.gif', '64.9500', 0, '2003-11-03 12:32:17', '2004-05-03 01:47:47', NULL, '8.00', 1, 1, 2, '17', '1', '1', 0, 0, 0, 0, 0, 1, '0', 0, 0, 0, '64.9500', 9, 1),
(27, 1, '70', 'HPLJ1100XI', 'hewlett_packard/lj1100xi.gif', '499.9900', 0, '2003-11-03 12:32:17', '2003-12-23 00:45:03', NULL, '45.00', 1, 1, 9, '1', '1', '1', 0, 0, 0, 0, 0, 1, '0', 0, 0, 0, '499.9900', 5, 1),
(28, 1, '999', 'GIFT005', 'gift_certificates/gv_5.gif', '5.0000', 1, '2003-11-03 12:32:17', '2004-01-10 02:57:18', NULL, '0.00', 1, 0, 0, '1', '1', '1', 0, 0, 0, 0, 0, 1, '0', 0, 0, 0, '5.0000', 21, 1),
(29, 1, '985', 'GIFT 010', 'gift_certificates/gv_10.gif', '10.0000', 1, '2003-11-03 12:32:17', '2003-12-28 14:51:36', NULL, '0.00', 1, 0, 0, '15', '1', '1', 0, 0, 0, 0, 0, 1, '0', 0, 0, 0, '10.0000', 21, 1),
(30, 1, '992', 'GIFT025', 'gift_certificates/gv_25.gif', '25.0000', 1, '2003-11-03 12:32:17', NULL, NULL, '0.00', 1, 0, 0, '8', '1', '1', 0, 0, 0, 0, 0, 1, '0', 0, 0, 0, '25.0000', 21, 1),
(31, 1, '997', 'GIFT050', 'gift_certificates/gv_50.gif', '50.0000', 1, '2003-11-03 12:32:17', NULL, NULL, '0.00', 1, 0, 0, '4', '1', '1', 0, 0, 0, 0, 0, 1, '0', 0, 0, 0, '50.0000', 21, 1),
(32, 1, '995', 'GIFT100', 'gift_certificates/gv_100.gif', '100.0000', 1, '2003-11-03 12:32:17', NULL, NULL, '0.00', 1, 0, 0, '5', '1', '1', 0, 0, 0, 0, 0, 1, '0', 0, 0, 0, '100.0000', 21, 1),
(34, 1, '796', 'DVD-ABUG', 'dvd/a_bugs_life.gif', '35.9900', 0, '2003-11-07 22:03:45', '2004-01-01 14:16:01', '2005-02-21 00:00:00', '7.00', 1, 1, 3, '5', '1', '1', 0, 0, 0, 0, 0, 1, '0', 0, 0, 0, '35.9900', 22, 1),
(36, 1, '700', 'HPLJ1100XI', 'hewlett_packard/lj1100xi.gif', '0.0000', 0, '2003-12-24 14:29:11', '2004-01-03 01:51:12', NULL, '45.00', 1, 1, 9, '0', '1', '1', 1, 0, 0, 0, 0, 1, '0', 0, 0, 0, '449.1000', 25, 1),
(100, 1, '700', 'HPLJ1100XI', 'hewlett_packard/lj1100xi.gif', '0.0000', 0, '2004-01-08 14:06:13', '2004-01-08 14:06:50', NULL, '45.00', 1, 1, 9, '0', '1', '1', 1, 0, 0, 0, 0, 1, '0', 0, 0, 0, '336.8250', 25, 1),
(39, 1, '997', 'TESTFREE', 'free.gif', '100.0000', 0, '2003-12-25 16:33:13', '2004-01-11 02:29:16', NULL, '1.00', 1, 1, 0, '3', '1', '1', 0, 1, 0, 1, 0, 1, '0', 0, 0, 0, '0.0000', 24, 1),
(40, 1, '999', 'TESTCALL', 'call_for_price.jpg', '100.0000', 0, '2003-12-25 17:42:15', '2004-01-04 13:08:08', '2008-02-21 00:00:00', '1.00', 1, 1, 0, '0', '1', '1', 0, 0, 1, 1, 0, 1, '0', 0, 0, 0, '100.0000', 24, 1),
(41, 1, '999', 'TESTCALL', 'call_for_price.jpg', '100.0000', 0, '2003-12-25 19:13:35', '2004-09-27 13:33:33', NULL, '1.00', 1, 1, 0, '0', '1', '1', 0, 0, 1, 1, 0, 1, '0', 0, 0, 0, '81.0000', 28, 0),
(42, 1, '998', 'TESTFREE', 'free.gif', '100.0000', 0, '2003-12-25 19:14:16', '2003-12-25 19:15:00', NULL, '1.00', 1, 1, 0, '1', '1', '1', 0, 1, 0, 1, 0, 1, '0', 0, 0, 0, '0.0000', 28, 1),
(43, 1, '999', 'TESTFREEATTRIB', 'free.gif', '100.0000', 0, '2003-12-25 20:44:06', '2004-01-21 16:23:29', NULL, '0.00', 1, 1, 0, '0', '1', '1', 0, 1, 0, 1, 0, 1, '0', 0, 0, 0, '0.0000', 24, 1),
(44, 1, '999', 'TESTMINUNITSNOMIX', 'sample_image.gif', '100.0000', 0, '2003-12-25 21:38:59', '2004-01-22 13:15:41', NULL, '1.00', 1, 1, 0, '0', '4', '2', 0, 0, 0, 0, 0, 1, '0', 0, 0, 0, '90.0000', 22, 1),
(46, 1, '981', 'TESTMINUNITSMIX', 'sample_image.gif', '100.0000', 0, '2003-12-25 21:53:07', '2003-12-29 02:00:50', NULL, '1.00', 1, 1, 0, '18', '4', '2', 0, 0, 0, 1, 0, 1, '0', 0, 0, 0, '90.0000', 22, 1),
(47, 1, '9996', 'GIFT', 'gift_certificates/gv.gif', '0.0000', 1, '2003-12-27 22:56:57', '2004-09-29 20:11:51', NULL, '0.00', 1, 0, 0, '4', '1', '1', 1, 0, 0, 1, 0, 1, '0', 0, 0, 0, '5.0000', 21, 1),
(48, 1, '9990', 'TEST1', '1_small.jpg', '39.0000', 0, '2003-12-28 02:27:47', '2004-01-11 02:56:37', NULL, '1.00', 1, 1, 0, '10', '1', '1', 0, 0, 0, 1, 0, 1, '0', 0, 0, 0, '39.0000', 23, 1),
(49, 1, '900', 'TEST2', '2_small.jpg', '20.0000', 0, '2003-12-28 02:28:42', '2003-12-29 23:00:27', NULL, '0.50', 1, 1, 0, '0', '1', '1', 0, 0, 0, 1, 0, 1, '0', 0, 0, 0, '20.0000', 23, 1),
(50, 1, '1000', 'TEST3', '3_small.jpg', '75.0000', 0, '2003-12-28 02:29:37', '2003-12-29 23:01:04', NULL, '1.50', 1, 1, 0, '0', '1', '1', 0, 0, 0, 1, 0, 1, '0', 0, 0, 0, '75.0000', 23, 1),
(51, 1, '998', 'Free1', 'b_g_grid.gif', '25.0000', 0, '2003-12-28 11:51:05', '2004-01-21 17:03:32', NULL, '10.00', 1, 1, 0, '2', '1', '1', 0, 1, 0, 1, 1, 1, '0', 0, 0, 0, '0.0000', 24, 1),
(52, 1, '997', 'Free2', 'b_p_grid.gif', '0.0000', 1, '2003-12-28 12:24:58', '2004-01-21 17:01:18', NULL, '2.00', 1, 1, 0, '2', '1', '1', 0, 1, 0, 1, 0, 1, '0', 0, 0, 0, '0.0000', 24, 1),
(53, 1, '991', 'MINUNITSMIX', 'b_c_grid.gif', '25.0000', 0, '2003-12-28 23:26:44', '2004-01-11 02:22:35', NULL, '1.00', 1, 1, 0, '6', '6', '3', 0, 0, 0, 1, 0, 1, '0', 0, 0, 0, '20.0000', 23, 1),
(54, 1, '991', 'MINUNITSNOMIX', 'waybkgnd.gif', '25.0000', 0, '2003-12-29 23:19:13', '2004-01-11 02:23:08', NULL, '1.00', 1, 1, 0, '0', '6', '3', 0, 0, 0, 0, 0, 1, '0', 0, 0, 0, '25.0000', 23, 1),
(55, 1, '991', 'MINUNITSMIXSALE', 'b_b_grid.gif', '25.0000', 0, '2003-12-31 11:11:46', '2004-01-11 02:26:28', NULL, '1.00', 1, 1, 0, '0', '6', '3', 0, 0, 0, 1, 0, 1, '0', 0, 0, 0, '22.5000', 28, 1),
(56, 1, '991', 'MINUNITSNOMIXSALE', 'b_w_grid.gif', '25.0000', 0, '2003-12-31 11:13:08', '2004-01-11 02:26:49', NULL, '1.00', 1, 1, 0, '0', '6', '3', 0, 0, 0, 0, 0, 1, '0', 0, 0, 0, '22.5000', 28, 1),
(57, 1, '998', 'TESTFREEALL', 'free.gif', '0.0000', 0, '2003-12-31 11:36:09', '2004-01-21 16:55:19', NULL, '1.00', 1, 1, 0, '1', '1', '1', 0, 1, 0, 1, 1, 1, '0', 0, 0, 0, '0.0000', 24, 1),
(59, 1, '700', 'HPLJ1100XI', 'hewlett_packard/lj1100xi.gif', '0.0000', 0, '2003-12-31 14:36:57', '2003-12-31 14:37:05', NULL, '45.00', 1, 1, 9, '0', '1', '1', 1, 0, 0, 0, 0, 1, '0', 0, 0, 0, '300.0000', 23, 1),
(60, 1, '699', 'HPLJ1100XI', 'hewlett_packard/lj1100xi.gif', '499.7500', 0, '2004-01-02 01:34:55', '2004-01-02 01:41:37', NULL, '45.00', 1, 1, 9, '1', '1', '1', 0, 0, 0, 0, 0, 1, '0', 0, 0, 0, '449.7750', 28, 1),
(61, 1, '699', 'HPLJ1100XI', 'hewlett_packard/lj1100xi.gif', '499.7500', 0, '2004-01-02 01:44:09', '2004-01-02 01:45:45', NULL, '45.00', 1, 1, 9, '1', '1', '1', 0, 0, 0, 0, 0, 1, '0', 0, 0, 0, '449.7750', 28, 1),
(101, 1, '1000', 'Test120-90off-10', 'test_demo.jpg', '0.0000', 0, '2004-01-08 14:11:32', '2004-01-08 14:17:09', NULL, '1.00', 1, 1, 0, '0', '1', '1', 1, 0, 0, 1, 0, 1, '0', 0, 0, 0, '72.0000', 47, 1),
(109, 1, '1000', 'HIDEQTYBOX', '1_small.jpg', '75.0000', 0, '2004-01-21 22:01:20', '2004-01-22 11:21:12', NULL, '1.00', 1, 1, 0, '0', '1', '1', 0, 0, 0, 1, 0, 1, '1', 0, 0, 0, '75.0000', 23, 1),
(78, 1, '1000', 'Test25-10AttrAll', 'test_demo.jpg', '0.0000', 0, '2004-01-04 01:09:46', '2004-01-04 01:30:12', NULL, '0.00', 1, 1, 0, '0', '1', '1', 1, 0, 0, 1, 0, 1, '0', 0, 0, 0, '101.2500', 25, 1),
(79, 1, '1000', 'Test25-AttrAll', 'test_demo.jpg', '0.0000', 0, '2004-01-04 01:28:52', '2004-01-04 01:33:55', NULL, '1.00', 1, 1, 0, '0', '1', '1', 1, 0, 0, 1, 0, 1, '0', 0, 0, 0, '150.0000', 23, 1),
(74, 1, '700', 'HPLJ1100XI', 'hewlett_packard/lj1100xi.gif', '0.0000', 0, '2004-01-02 15:34:49', '2004-01-02 15:35:17', NULL, '45.00', 1, 1, 9, '0', '1', '1', 1, 0, 0, 0, 0, 1, '0', 0, 0, 0, '399.2000', 23, 1),
(76, 1, '1000', 'Test25-10', 'test_demo.jpg', '100.0000', 0, '2004-01-03 23:08:33', NULL, NULL, '0.00', 1, 1, 0, '0', '1', '1', 0, 0, 0, 1, 0, 1, '0', 0, 0, 0, '67.5000', 28, 1),
(80, 1, '1000', 'Test25', 'test_demo.jpg', '100.0000', 0, '2004-01-04 01:31:06', '2004-01-04 13:35:47', NULL, '1.00', 1, 1, 0, '0', '1', '1', 0, 0, 0, 1, 0, 1, '0', 0, 0, 0, '100.0000', 23, 1),
(84, 1, '999', 'Test120', 'test_demo.jpg', '120.0000', 0, '2004-01-04 15:05:10', '2004-01-06 15:27:39', NULL, '1.00', 1, 1, 0, '1', '1', '1', 0, 0, 0, 1, 0, 1, '0', 0, 0, 0, '120.0000', 23, 1),
(82, 1, '1000', 'Test120-5', 'test_demo.jpg', '120.0000', 0, '2004-01-04 14:50:38', '2004-01-04 17:09:03', NULL, '1.00', 1, 1, 0, '0', '1', '1', 0, 0, 0, 1, 0, 1, '0', 0, 0, 0, '115.0000', 27, 1),
(83, 1, '1000', 'Test120-90-5', 'test_demo.jpg', '120.0000', 0, '2004-01-04 15:01:53', '2004-01-06 10:02:11', NULL, '1.00', 1, 1, 0, '0', '1', '1', 0, 0, 0, 1, 0, 1, '0', 0, 0, 0, '85.0000', 27, 1),
(85, 1, '1000', 'Test90', 'test_demo.jpg', '120.0000', 0, '2004-01-04 15:19:00', '2004-01-06 10:00:35', NULL, '1.00', 1, 1, 0, '0', '1', '1', 0, 0, 0, 1, 0, 1, '0', 0, 0, 0, '90.0000', 23, 1),
(88, 1, '1000', 'Test120-90-10-Skip', 'test_demo.jpg', '120.0000', 0, '2004-01-05 00:14:31', '2004-01-06 09:58:08', NULL, '1.00', 1, 1, 0, '0', '1', '1', 0, 0, 0, 1, 0, 1, '0', 0, 0, 0, '90.0000', 31, 1),
(89, 1, '1000', 'Test120-90-10-Skip', 'test_demo.jpg', '120.0000', 0, '2004-01-05 00:41:40', '2004-01-06 09:57:42', NULL, '1.00', 1, 1, 0, '0', '1', '1', 0, 0, 0, 1, 0, 1, '0', 0, 0, 0, '108.0000', 31, 1),
(95, 1, '1000', 'Test120-25-New100-Skip', 'test_demo.jpg', '120.0000', 0, '2004-01-07 02:35:44', '2004-01-07 02:37:27', NULL, '1.00', 1, 1, 0, '0', '1', '1', 0, 0, 0, 1, 0, 1, '0', 0, 0, 0, '90.0000', 51, 1),
(90, 1, '999', 'Test120-90-10', 'test_demo.jpg', '120.0000', 0, '2004-01-05 23:55:18', '2004-01-06 00:08:58', NULL, '1.00', 1, 1, 0, '1', '1', '1', 0, 0, 0, 1, 0, 1, '0', 0, 0, 0, '81.0000', 45, 1),
(92, 1, '1000', 'Test120-90off-10', 'test_demo.jpg', '120.0000', 0, '2004-01-05 23:58:54', '2004-01-06 00:09:28', NULL, '1.00', 1, 1, 0, '0', '1', '1', 0, 0, 0, 1, 0, 1, '0', 0, 0, 0, '108.0000', 45, 1),
(93, 1, '1000', 'Test120-New100', 'test_demo.jpg', '120.0000', 0, '2004-01-06 00:02:32', '2004-01-06 00:04:25', NULL, '1.00', 1, 1, 0, '0', '1', '1', 0, 0, 0, 1, 0, 1, '0', 0, 0, 0, '100.0000', 46, 1),
(94, 1, '1000', 'Test120-25-New100', 'test_demo.jpg', '120.0000', 0, '2004-01-06 00:04:31', '2004-01-06 00:07:08', NULL, '1.00', 1, 1, 0, '0', '1', '1', 0, 0, 0, 1, 0, 1, '0', 0, 0, 0, '100.0000', 46, 1),
(96, 1, '1000', 'Test120-New100-Off-Skip', 'test_demo.jpg', '120.0000', 0, '2004-01-07 02:36:52', '2004-01-07 02:37:29', NULL, '1.00', 1, 1, 0, '0', '1', '1', 0, 0, 0, 1, 0, 1, '0', 0, 0, 0, '100.0000', 51, 1),
(97, 1, '1000', 'Test120-90-10-Price', 'test_demo.jpg', '120.0000', 0, '2004-01-07 11:26:34', '2004-01-07 11:27:24', NULL, '1.00', 1, 1, 0, '0', '1', '1', 0, 0, 0, 1, 0, 1, '0', 0, 0, 0, '108.0000', 32, 1),
(98, 1, '1000', 'Test120-90off-10-Price', 'test_demo.jpg', '120.0000', 0, '2004-01-07 11:28:16', '2004-01-07 11:29:57', NULL, '1.00', 1, 1, 0, '0', '1', '1', 0, 0, 0, 1, 0, 1, '0', 0, 0, 0, '108.0000', 32, 1),
(99, 1, '997', 'FreeShipping', 'small_00.jpg', '25.0000', 0, '2004-01-07 13:27:30', '2004-01-21 01:48:48', NULL, '5.00', 1, 1, 0, '3', '1', '1', 0, 0, 0, 1, 1, 1, '0', 0, 0, 0, '25.0000', 23, 1),
(104, 1, '1000', 'HIDEQTY', '1_small.jpg', '75.0000', 0, '2004-01-11 03:02:51', '2004-01-22 11:21:36', NULL, '1.00', 1, 1, 0, '0', '1', '1', 0, 0, 0, 1, 0, 0, '0', 0, 0, 0, '75.0000', 23, 1),
(105, 1, '999', 'MAXSAMPLE-1', 'waybkgnd.gif', '50.0000', 0, '2004-01-11 14:10:59', '2004-01-11 14:36:00', NULL, '1.00', 1, 1, 0, '1', '1', '1', 0, 0, 0, 1, 0, 1, '1', 0, 0, 0, '50.0000', 22, 1),
(106, 1, '1000', 'MAXSAMPLE-3', 'waybkgnd.gif', '50.0000', 0, '2004-01-11 14:36:08', '2004-01-11 15:32:56', NULL, '1.00', 1, 1, 0, '0', '1', '1', 0, 0, 0, 1, 0, 1, '3', 0, 0, 0, '50.0000', 22, 1),
(107, 1, '995', 'FreeShippingNoWeight', 'small_00.jpg', '25.0000', 0, '2004-01-21 01:41:22', '2004-01-21 02:01:54', NULL, '0.00', 1, 1, 0, '0', '1', '1', 0, 0, 0, 1, 0, 1, '0', 0, 0, 0, '25.0000', 23, 1),
(108, 1, '0', 'SoldOut', 'small_00.jpg', '25.0000', 0, '2004-01-21 01:53:20', NULL, NULL, '3.00', 1, 1, 0, '0', '1', '1', 0, 0, 0, 1, 0, 1, '0', 0, 0, 0, '25.0000', 23, 1),
(110, 1, '1000', 'Test120-5SKIP', 'test_demo.jpg', '120.0000', 0, '2004-01-24 16:09:52', '2004-01-24 16:15:25', NULL, '1.00', 1, 1, 0, '0', '1', '1', 0, 0, 0, 1, 0, 1, '0', 0, 0, 0, '115.0000', 52, 1),
(111, 1, '1000', 'Test120-90-5SKIP', 'test_demo.jpg', '120.0000', 0, '2004-01-24 16:10:12', '2004-01-24 16:15:27', NULL, '1.00', 1, 1, 0, '0', '1', '1', 0, 0, 0, 1, 0, 1, '0', 0, 0, 0, '90.0000', 52, 1),
(112, 1, '998', 'Test2', '', '25.0000', 0, '2004-04-26 02:24:57', '2004-04-26 02:25:44', NULL, '1.00', 1, 1, 0, '2', '1', '1', 0, 0, 0, 1, 0, 1, '0', 2, 0, 0, '25.0000', 53, 1),
(113, 1, '994', 'Test4', '', '25.0000', 0, '2004-04-26 02:25:03', '2004-04-26 02:25:35', NULL, '1.00', 1, 1, 0, '6', '1', '1', 0, 0, 0, 1, 0, 1, '0', 4, 0, 0, '25.0000', 53, 1),
(114, 1, '998', 'Test5', '', '25.0000', 0, '2004-04-26 02:25:53', '2004-04-26 02:26:15', NULL, '1.00', 1, 1, 0, '2', '1', '1', 0, 0, 0, 1, 0, 1, '0', 5, 0, 0, '25.0000', 53, 1),
(115, 1, '999', 'Test1', '', '25.0000', 0, '2004-04-26 02:26:23', '2004-05-06 21:50:19', NULL, '1.00', 1, 1, 0, '1', '1', '1', 0, 0, 0, 1, 0, 1, '0', 1, 0, 0, '25.0000', 53, 1),
(116, 1, '997', 'Test8', '', '25.0000', 0, '2004-04-26 02:26:54', '2004-04-26 02:27:18', NULL, '1.00', 1, 1, 0, '3', '1', '1', 0, 0, 0, 1, 0, 1, '0', 8, 0, 0, '25.0000', 53, 1),
(117, 1, '995', 'Test3', '', '25.0000', 0, '2004-04-26 02:27:24', '2004-10-03 12:20:14', NULL, '1.00', 1, 1, 0, '5', '1', '1', 0, 0, 0, 1, 0, 1, '0', 3, 0, 0, '25.0000', 53, 1),
(118, 1, '999', 'Test10', '', '25.0000', 0, '2004-04-26 02:27:52', '2004-04-26 02:28:14', NULL, '1.00', 1, 1, 0, '1', '1', '1', 0, 0, 0, 1, 0, 1, '0', 10, 0, 0, '25.0000', 53, 1),
(119, 1, '1000', 'Test6', '', '25.0000', 0, '2004-04-26 02:28:22', '2004-10-06 18:26:25', NULL, '1.00', 1, 1, 0, '0', '1', '1', 0, 0, 0, 1, 0, 1, '0', 6, 0, 0, '25.0000', 53, 1),
(120, 1, '1000', 'Test7', '', '25.0000', 0, '2004-04-26 02:29:03', '2004-04-26 02:29:23', NULL, '1.00', 1, 1, 0, '0', '1', '1', 0, 0, 0, 1, 0, 1, '0', 7, 0, 0, '25.0000', 53, 1),
(121, 1, '999', 'Test12', '', '25.0000', 0, '2004-04-26 02:29:36', '2004-04-28 13:02:47', NULL, '1.00', 1, 1, 0, '1', '1', '1', 0, 0, 0, 1, 0, 1, '0', 12, 0, 0, '25.0000', 53, 1),
(122, 1, '998', 'Test9', '', '25.0000', 0, '2004-04-26 02:30:12', '2004-04-26 02:30:32', NULL, '1.00', 1, 1, 0, '2', '1', '1', 0, 0, 0, 1, 0, 1, '0', 9, 0, 0, '25.0000', 53, 1),
(123, 1, '999', 'Test11', '', '25.0000', 0, '2004-04-26 02:30:41', '2004-04-26 02:31:04', NULL, '1.00', 1, 1, 0, '1', '1', '1', 0, 0, 0, 1, 0, 1, '0', 11, 0, 0, '25.0000', 53, 1),
(130, 1, '1000', 'Special', '2_small.jpg', '15.0000', 0, '2004-04-28 02:19:53', '2004-10-06 00:05:34', NULL, '2.00', 1, 1, 0, '0', '1', '1', 0, 0, 0, 1, 0, 1, '0', 0, 1, 1, '10.0000', 55, 1),
(127, 1, '1000', 'Normal', 'small_00.jpg', '15.0000', 0, '2004-04-28 01:51:35', '2004-04-28 14:23:29', NULL, '2.00', 1, 1, 0, '0', '1', '1', 0, 0, 0, 1, 0, 1, '0', 0, 1, 0, '15.0000', 55, 1),
(131, 1, '1000', 'PERWORDREQ', '', '0.0000', 0, '2004-05-01 01:31:28', '2004-05-07 21:30:23', NULL, '1.00', 1, 1, 0, '0', '1', '1', 1, 0, 0, 1, 0, 1, '0', 0, 0, 0, '5.0000', 57, 1),
(132, 1, '997', 'GolfClub', '9_small.jpg', '0.0000', 0, '2004-05-02 12:36:12', '2004-05-02 18:04:36', NULL, '1.00', 1, 1, 0, '3', '1', '1', 1, 0, 0, 1, 0, 1, '0', 0, 0, 0, '13.0050', 58, 1),
(133, 1, '1000', 'DOWNLOAD2', '2_small.jpg', '49.9900', 0, '2004-05-02 23:51:33', '2004-05-03 00:06:58', NULL, '0.00', 1, 1, 0, '2', '1', '1', 0, 0, 0, 1, 0, 1, '0', 0, 0, 0, '49.9900', 60, 1),
(134, 1, '1000', 'PERLETTERREQ', '', '0.0000', 0, '2004-05-07 21:23:58', '2004-05-07 21:29:50', NULL, '1.00', 1, 1, 0, '0', '1', '1', 1, 0, 0, 1, 0, 1, '0', 0, 0, 0, '5.0000', 57, 1),
(154, 1, '10000', 'ROPE', '9_small.jpg', '1.0000', 0, '2004-05-16 21:08:08', '2004-07-12 17:18:46', NULL, '0.00', 1, 1, 0, '0', '10', '1', 0, 0, 0, 1, 0, 1, '0', 0, 0, 0, '0.9000', 58, 0),
(155, 1, '1000', 'PRICEFACTOR', 'sample_image.gif', '10.0000', 0, '2004-05-17 23:03:10', '2004-07-12 17:21:04', NULL, '1.00', 1, 1, 0, '0', '1', '1', 0, 0, 0, 1, 0, 1, '0', 0, 0, 0, '10.0000', 56, 1),
(156, 1, '1000', 'PRICEFACTOROFF', 'sample_image.gif', '10.0000', 0, '2004-05-17 23:05:24', '2004-05-17 23:10:12', NULL, '1.00', 1, 1, 0, '0', '1', '1', 0, 0, 0, 1, 0, 1, '0', 0, 0, 0, '10.0000', 56, 1),
(157, 1, '1000', 'PRICEFACTOROFFATTR', 'sample_image.gif', '10.0000', 0, '2004-05-17 23:10:18', '2004-05-17 23:13:48', NULL, '1.00', 1, 1, 0, '0', '1', '1', 1, 0, 0, 1, 0, 1, '0', 0, 0, 0, '10.0000', 56, 1),
(158, 1, '1000', 'ONETIME', 'b_b_grid.gif', '45.0000', 0, '2004-05-17 23:22:08', NULL, NULL, '1.00', 1, 1, 0, '0', '1', '1', 0, 0, 0, 1, 0, 1, '0', 0, 0, 0, '45.0000', 56, 1),
(159, 1, '10000', 'ATTQTYPRICE', 'b_c_grid.gif', '25.0000', 0, '2004-05-17 23:29:31', '2004-05-17 23:49:56', NULL, '1.00', 1, 1, 0, '0', '1', '1', 0, 0, 0, 1, 0, 1, '0', 0, 0, 0, '25.0000', 56, 1),
(160, 1, '997', 'GolfClub', '9_small.jpg', '0.0000', 0, '2004-05-18 10:14:35', '2004-05-18 10:15:16', NULL, '1.00', 1, 1, 0, '0', '1', '1', 1, 0, 0, 1, 0, 1, '0', 0, 0, 0, '14.4500', 61, 1),
(165, 1, '10000', 'ROPE', '9_small.jpg', '1.0000', 0, '2004-05-18 10:42:50', '2004-07-12 17:18:12', NULL, '0.00', 1, 1, 0, '0', '10', '1', 0, 0, 0, 1, 0, 1, '0', 0, 0, 0, '1.0000', 61, 0),
(166, 2, '10000', 'RTBHUNTER', 'sooty.jpg', '4.9900', 0, '2004-05-18 10:42:50', '2004-05-18 10:43:00', NULL, '3.00', 1, 1, 0, '0', '1', '1', 0, 0, 0, 1, 0, 1, '0', 0, 0, 0, '3.0000', 62, 1),
(167, 3, '0', '', '', '0.0000', 0, '2004-05-18 10:42:50', '2004-10-06 00:39:10', NULL, '0.00', 1, 0, 0, '0', '1', '1', 0, 0, 0, 0, 0, 0, '0', 0, 0, 0, '0.0000', 63, 1),
(168, 1, '1000', 'PGT', 'samples/1_small.jpg', '3.9500', 0, '2004-07-12 15:25:32', '2004-07-12 16:26:08', NULL, '1.00', 1, 1, 0, '0', '1', '1', 0, 0, 0, 1, 0, 1, '0', 10, 0, 0, '3.9500', 64, 1),
(169, 2, '1000', 'PMT', 'samples/2_small.jpg', '3.9500', 0, '2004-07-12 15:27:50', '2004-07-12 16:29:01', NULL, '1.00', 1, 1, NULL, '0', '1', '1', 0, 0, 0, 1, 0, 1, '0', 20, 0, 0, '3.9500', 64, 1),
(170, 3, '0', '', 'samples/3_small.jpg', '0.0000', 0, '2004-07-12 15:29:23', '2004-09-27 23:11:25', NULL, '0.00', 1, 0, 0, '0', '1', '1', 0, 0, 0, 0, 0, 0, '0', 30, 0, 0, '0.0000', 64, 1),
(171, 4, '1000', 'DPT', 'samples/4_small.jpg', '0.9346', 0, '2004-07-12 15:32:40', '2004-07-12 17:46:49', NULL, '0.00', 1, 1, 0, '0', '1', '1', 0, 0, 0, 1, 0, 1, '0', 40, 0, 0, '0.9300', 64, 1),
(172, 5, '1000', 'PFS', 'samples/5_small.jpg', '3.9500', 0, '2004-07-12 15:39:18', '2004-07-12 23:08:43', NULL, '5.00', 1, 0, 0, '0', '1', '1', 0, 0, 0, 1, 1, 1, '0', 50, 0, 0, '3.9500', 64, 1),
(173, 1, '1000', 'Book', 'b_g_grid.gif', '0.0000', 0, '2004-09-24 23:54:34', '2004-09-26 02:50:59', NULL, '0.00', 1, 1, 0, '0', '1', '1', 1, 0, 0, 1, 0, 1, '0', 0, 0, 0, '52.5000', 61, 1),
(174, 1, '999', 'TESTCALL', 'call_for_price.jpg', '0.0000', 0, '2004-09-27 13:25:44', '2004-09-27 13:28:54', '2008-02-21 00:00:00', '1.00', 1, 1, 0, '0', '1', '1', 0, 0, 1, 1, 0, 1, '0', 0, 0, 0, '0.0000', 24, 0),
(175, 1, '1000', 'Normal', '1_small.jpg', '60.0000', 0, '2004-09-27 23:32:52', '2004-10-05 17:13:20', NULL, '2.00', 1, 1, 0, '0', '1', '1', 0, 0, 0, 0, 0, 1, '0', 0, 1, 0, '60.0000', 55, 1),
(176, 1, '1000', 'Normal', 'small_00.jpg', '100.0000', 0, '2004-10-05 16:45:25', '2004-10-05 16:47:22', NULL, '2.00', 1, 1, 0, '0', '1', '1', 0, 0, 0, 1, 0, 1, '0', 0, 1, 0, '100.0000', 55, 1),
(177, 1, '1000', 'Special', '2_small.jpg', '100.0000', 0, '2004-10-05 16:47:45', '2004-10-06 00:05:48', NULL, '2.00', 1, 1, 0, '0', '1', '1', 0, 0, 0, 1, 0, 1, '0', 0, 1, 1, '75.0000', 55, 1),
(179, 1, '1000', 'DOWNLOAD1', '1_small.jpg', '39.0000', 0, '2004-10-06 00:08:33', '2004-10-06 00:18:51', NULL, '0.00', 1, 1, 0, '0', '1', '1', 0, 0, 0, 1, 0, 1, '0', 0, 0, 0, '39.0000', 60, 1),
(178, 1, '1000', 'Normal', '1_small.jpg', '60.0000', 0, '2004-10-05 16:54:52', '2004-10-05 17:15:02', NULL, '2.00', 1, 1, 0, '0', '1', '1', 0, 0, 0, 0, 0, 1, '0', 0, 1, 0, '50.0000', 55, 1);

#New Products
UPDATE products SET products_date_added = NOW() WHERE products_id = 168 or products_id = 169 or products_id = 170;
UPDATE products SET products_date_added = NOW() - INTERVAL 7 DAY WHERE products_id = 171 or products_id = 172 or products_id = 166 or products_id = 133;
UPDATE products SET products_date_added = NOW() - INTERVAL 20 DAY WHERE products_id = 126 or products_id = 47 or products_id = 34;
UPDATE products SET products_date_added = NOW() - INTERVAL 50 DAY WHERE products_id = 134 or products_id = 131 or products_id = 160;
UPDATE products SET products_date_added = NOW() - INTERVAL 70 DAY WHERE products_id = 57 or products_id = 174;
UPDATE products SET products_date_added = NOW() - INTERVAL 100 DAY WHERE products_id = 6 or products_id = 19;

#Upcoming Products
UPDATE products SET products_date_available = NOW() + INTERVAL 12 DAY WHERE products_id = 16;
UPDATE products SET products_date_available = NOW() + INTERVAL 17 DAY WHERE products_id = 174;
UPDATE products SET products_date_available = NOW() + INTERVAL 27 DAY WHERE products_id = 40;
UPDATE products SET products_date_available = NOW() + INTERVAL 33 DAY WHERE products_id = 34;

#
# Dumping data for table `products_attributes`
#

INSERT INTO products_attributes (products_attributes_id, products_id, options_id, options_values_id, options_values_price, price_prefix, products_options_sort_order, product_attribute_is_free, products_attributes_weight, products_attributes_weight_prefix, attributes_display_only, attributes_default, attributes_discounted, attributes_image, attributes_price_base_included, attributes_price_onetime, attributes_price_factor, attributes_price_factor_offset, attributes_price_factor_onetime, attributes_price_factor_onetime_offset, attributes_qty_prices, attributes_qty_prices_onetime, attributes_price_words, attributes_price_words_free, attributes_price_letters, attributes_price_letters_free, attributes_required) VALUES (1, 1, 4, 1, '0.0000', '', 10, 0, '0.0000', '', 0, 0, 1, NULL, 1, '0.0000', '0.0000', '0.0000', '0.0000', '0.0000', NULL, NULL, '0.0000', 0, '0.0000', 0, 0),
(2, 1, 4, 2, '50.0000', '+', 20, 0, '0.0000', '', 0, 0, 1, NULL, 1, '0.0000', '0.0000', '0.0000', '0.0000', '0.0000', NULL, NULL, '0.0000', 0, '0.0000', 0, 0),
(3, 1, 4, 3, '70.0000', '+', 30, 0, '0.0000', '', 0, 0, 1, NULL, 1, '0.0000', '0.0000', '0.0000', '0.0000', '0.0000', NULL, NULL, '0.0000', 0, '0.0000', 0, 0),
(4, 1, 3, 5, '0.0000', '+', 10, 0, '0.0000', '', 0, 0, 1, NULL, 1, '0.0000', '0.0000', '0.0000', '0.0000', '0.0000', NULL, NULL, '0.0000', 0, '0.0000', 0, 0),
(5, 1, 3, 6, '100.0000', '+', 20, 0, '0.0000', '', 0, 0, 1, NULL, 1, '0.0000', '0.0000', '0.0000', '0.0000', '0.0000', NULL, NULL, '0.0000', 0, '0.0000', 0, 0),
(6, 2, 4, 3, '10.0000', '-', 30, 0, '0.0000', '', 0, 0, 1, NULL, 1, '0.0000', '0.0000', '0.0000', '0.0000', '0.0000', NULL, NULL, '0.0000', 0, '0.0000', 0, 0),
(7, 2, 4, 4, '0.0000', '+', 40, 0, '0.0000', '', 0, 0, 1, NULL, 1, '0.0000', '0.0000', '0.0000', '0.0000', '0.0000', NULL, NULL, '0.0000', 0, '0.0000', 0, 0),
(8, 2, 3, 6, '0.0000', '+', 20, 0, '0.0000', '', 0, 0, 1, NULL, 1, '0.0000', '0.0000', '0.0000', '0.0000', '0.0000', NULL, NULL, '0.0000', 0, '0.0000', 0, 0),
(9, 2, 3, 7, '120.0000', '+', 30, 0, '0.0000', '', 0, 0, 1, NULL, 1, '0.0000', '0.0000', '0.0000', '0.0000', '0.0000', NULL, NULL, '0.0000', 0, '0.0000', 0, 0),
(10, 26, 3, 8, '0.0000', '+', 20, 0, '0.0000', '', 0, 0, 1, NULL, 1, '0.0000', '0.0000', '0.0000', '0.0000', '0.0000', NULL, NULL, '0.0000', 0, '0.0000', 0, 0),
(11, 26, 3, 9, '6.0000', '+', 10, 0, '0.0000', '', 0, 0, 1, NULL, 1, '0.0000', '0.0000', '0.0000', '0.0000', '0.0000', NULL, NULL, '0.0000', 0, '0.0000', 0, 0),
(26, 22, 5, 10, '0.0000', '+', 10, 0, '7.0000', '-', 0, 0, 1, NULL, 1, '0.0000', '0.0000', '0.0000', '0.0000', '0.0000', NULL, NULL, '0.0000', 0, '0.0000', 0, 0),
(27, 22, 5, 13, '0.0000', '+', 1000, 0, '0.0000', '', 0, 0, 1, NULL, 1, '0.0000', '0.0000', '0.0000', '0.0000', '0.0000', NULL, NULL, '0.0000', 0, '0.0000', 0, 0),
(85, 34, 1, 25, '0.2000', '+', 20, 0, '0.1000', '+', 0, 0, 1, 'attributes/color_orange.gif', 1, '0.0000', '0.0000', '0.0000', '0.0000', '0.0000', '', '', '0.0000', 0, '0.0000', 0, 0),
(65, 34, 13, 35, '5.0000', '+', 30, 0, '0.0000', '+', 0, 0, 1, '', 1, '0.0000', '0.0000', '0.0000', '0.0000', '0.0000', NULL, NULL, '0.0000', 0, '0.0000', 0, 0),
(64, 34, 13, 36, '2.0000', '+', 20, 0, '1.0000', '+', 0, 0, 1, '', 1, '0.0000', '0.0000', '0.0000', '0.0000', '0.0000', NULL, NULL, '0.0000', 0, '0.0000', 0, 0),
(63, 34, 13, 34, '1.0000', '+', 40, 0, '0.0000', '+', 0, 0, 1, '', 1, '0.0000', '0.0000', '0.0000', '0.0000', '0.0000', NULL, NULL, '0.0000', 0, '0.0000', 0, 0),
(56, 34, 7, 0, '0.2500', '+', 0, 0, '0.0000', '+', 0, 0, 1, '', 1, '0.0000', '0.0000', '0.0000', '0.0000', '0.0000', NULL, NULL, '0.0000', 0, '0.0000', 0, 0),
(55, 34, 8, 0, '0.2500', '+', 0, 0, '0.0000', '+', 0, 0, 1, NULL, 1, '0.0000', '0.0000', '0.0000', '0.0000', '0.0000', NULL, NULL, '0.0000', 0, '0.0000', 0, 0),
(54, 34, 11, 0, '1.0000', '+', 0, 0, '0.0000', '+', 0, 0, 1, NULL, 1, '0.0000', '0.0000', '0.0000', '0.0000', '0.0000', NULL, NULL, '0.0000', 0, '0.0000', 0, 0),
(53, 34, 9, 0, '0.7500', '+', 0, 0, '0.0000', '+', 0, 0, 1, NULL, 1, '0.0000', '0.0000', '0.0000', '0.0000', '0.0000', NULL, NULL, '0.0000', 0, '0.0000', 0, 0),
(52, 34, 10, 0, '0.5000', '+', 0, 0, '0.0000', '+', 0, 0, 1, '', 1, '0.0000', '0.0000', '0.0000', '0.0000', '0.0000', NULL, NULL, '0.0000', 0, '0.0000', 0, 0),
(410, 54, 1, 31, '0.0000', '+', 100, 0, '0.0000', '+', 0, 0, 1, 'attributes/color_silver.gif', 1, '0.0000', '0.0000', '0.0000', '0.0000', '0.0000', NULL, NULL, '0.0000', 0, '0.0000', 0, 0),
(47, 34, 6, 23, '0.0000', '+', 10, 0, '0.0000', '+', 0, 0, 1, NULL, 1, '0.0000', '0.0000', '0.0000', '0.0000', '0.0000', NULL, NULL, '0.0000', 0, '0.0000', 0, 0),
(46, 34, 6, 22, '1.0000', '+', 20, 0, '2.0000', '+', 0, 0, 1, NULL, 1, '0.0000', '0.0000', '0.0000', '0.0000', '0.0000', NULL, NULL, '0.0000', 0, '0.0000', 0, 0),
(45, 34, 6, 14, '36.9900', '+', 30, 0, '9.0000', '+', 0, 0, 1, NULL, 1, '0.0000', '0.0000', '0.0000', '0.0000', '0.0000', NULL, NULL, '0.0000', 0, '0.0000', 0, 0),
(394, 50, 6, 22, '4.9900', '+', 20, 0, '0.0000', '+', 0, 0, 1, '', 1, '0.0000', '0.0000', '0.0000', '0.0000', '0.0000', NULL, NULL, '0.0000', 0, '0.0000', 0, 0),
(393, 50, 6, 14, '19.9900', '+', 30, 0, '0.0000', '+', 0, 0, 1, '', 1, '0.0000', '0.0000', '0.0000', '0.0000', '0.0000', NULL, NULL, '0.0000', 0, '0.0000', 0, 0),
(426, 55, 1, 15, '0.0000', '+', 50, 0, '0.0000', '+', 0, 0, 1, 'attributes/color_blue.gif', 1, '0.0000', '0.0000', '0.0000', '0.0000', '0.0000', NULL, NULL, '0.0000', 0, '0.0000', 0, 0),
(44, 34, 2, 18, '0.0000', '+', 30, 0, '0.0000', '+', 0, 1, 1, NULL, 1, '0.0000', '0.0000', '0.0000', '0.0000', '0.0000', NULL, NULL, '0.0000', 0, '0.0000', 0, 0),
(43, 34, 2, 20, '0.0000', '+', 40, 0, '0.0000', '+', 0, 0, 1, NULL, 1, '0.0000', '0.0000', '0.0000', '0.0000', '0.0000', NULL, NULL, '0.0000', 0, '0.0000', 0, 0),
(425, 55, 1, 31, '0.0000', '+', 100, 0, '0.0000', '+', 0, 0, 1, 'attributes/color_silver.gif', 1, '0.0000', '0.0000', '0.0000', '0.0000', '0.0000', NULL, NULL, '0.0000', 0, '0.0000', 0, 0),
(42, 34, 2, 19, '0.0000', '+', 10, 0, '0.0000', '+', 0, 0, 1, NULL, 1, '0.0000', '0.0000', '0.0000', '0.0000', '0.0000', NULL, NULL, '0.0000', 0, '0.0000', 0, 0),
(41, 34, 2, 21, '0.0000', '+', 20, 0, '0.0000', '+', 0, 0, 1, NULL, 1, '0.0000', '0.0000', '0.0000', '0.0000', '0.0000', NULL, NULL, '0.0000', 0, '0.0000', 0, 0),
(40, 34, 1, 17, '0.3000', '+', 30, 0, '0.1000', '', 0, 0, 1, 'attributes/color_yellow.gif', 1, '0.0000', '0.0000', '0.0000', '0.0000', '0.0000', '', '', '0.0000', 0, '0.0000', 0, 0),
(39, 34, 1, 16, '0.1000', '+', 10, 0, '0.1000', '', 0, 0, 1, 'attributes/color_red.gif', 1, '0.0000', '0.0000', '0.0000', '0.0000', '0.0000', '', '', '0.0000', 0, '0.0000', 0, 0),
(38, 34, 1, 15, '0.4000', '+', 50, 0, '0.0000', '', 0, 0, 1, 'attributes/a_bugs_life_blue.gif', 1, '0.0000', '0.0000', '0.0000', '0.0000', '0.0000', '', '', '0.0000', 0, '0.0000', 0, 0),
(48, 34, 5, 24, '1.0000', '+', 10, 0, '2.0000', '+', 0, 0, 1, NULL, 1, '0.0000', '0.0000', '0.0000', '0.0000', '0.0000', NULL, NULL, '0.0000', 0, '0.0000', 0, 0),
(968, 100, 4, 46, '0.0000', '+', 5, 0, '0.0000', '+', 0, 1, 0, '', 1, '0.0000', '0.0000', '0.0000', '0.0000', '0.0000', NULL, NULL, '0.0000', 0, '0.0000', 0, 0),
(422, 36, 4, 46, '0.0000', '+', 5, 0, '0.0000', '+', 0, 1, 0, '', 1, '0.0000', '0.0000', '0.0000', '0.0000', '0.0000', NULL, NULL, '0.0000', 0, '0.0000', 0, 0),
(101, 36, 4, 3, '100.0000', '+', 30, 0, '1.0000', '+', 0, 0, 0, '', 1, '0.0000', '0.0000', '0.0000', '0.0000', '0.0000', NULL, NULL, '0.0000', 0, '0.0000', 0, 0),
(102, 36, 4, 2, '75.0000', '+', 20, 0, '1.0000', '+', 0, 0, 0, '', 1, '0.0000', '0.0000', '0.0000', '0.0000', '0.0000', NULL, NULL, '0.0000', 0, '0.0000', 0, 0),
(103, 36, 4, 1, '50.0000', '+', 10, 0, '1.0000', '+', 0, 0, 0, '', 1, '0.0000', '0.0000', '0.0000', '0.0000', '0.0000', NULL, NULL, '0.0000', 0, '0.0000', 0, 0),
(104, 36, 1, 29, '519.0000', '', 80, 0, '0.0000', '+', 0, 0, 1, '', 1, '0.0000', '0.0000', '0.0000', '0.0000', '0.0000', NULL, NULL, '0.0000', 0, '0.0000', 0, 0),
(105, 36, 1, 30, '499.0000', '', 90, 0, '0.0000', '+', 0, 1, 1, '', 1, '0.0000', '0.0000', '0.0000', '0.0000', '0.0000', NULL, NULL, '0.0000', 0, '0.0000', 0, 0),
(106, 36, 1, 15, '539.0000', '', 50, 0, '0.0000', '+', 0, 0, 1, '', 1, '0.0000', '0.0000', '0.0000', '0.0000', '0.0000', NULL, NULL, '0.0000', 0, '0.0000', 0, 0),
(967, 100, 1, 15, '539.0000', '', 50, 0, '0.0000', '+', 0, 0, 1, '', 1, '0.0000', '0.0000', '0.0000', '0.0000', '0.0000', NULL, NULL, '0.0000', 0, '0.0000', 0, 0),
(966, 100, 1, 30, '499.0000', '', 90, 0, '0.0000', '+', 0, 1, 1, '', 1, '0.0000', '0.0000', '0.0000', '0.0000', '0.0000', NULL, NULL, '0.0000', 0, '0.0000', 0, 0),
(965, 100, 1, 29, '519.0000', '', 80, 0, '0.0000', '+', 0, 0, 1, '', 1, '0.0000', '0.0000', '0.0000', '0.0000', '0.0000', NULL, NULL, '0.0000', 0, '0.0000', 0, 0),
(964, 100, 4, 1, '50.0000', '+', 10, 0, '1.0000', '+', 0, 0, 0, '', 1, '0.0000', '0.0000', '0.0000', '0.0000', '0.0000', NULL, NULL, '0.0000', 0, '0.0000', 0, 0),
(963, 100, 4, 2, '75.0000', '+', 20, 0, '1.0000', '+', 0, 0, 0, '', 1, '0.0000', '0.0000', '0.0000', '0.0000', '0.0000', NULL, NULL, '0.0000', 0, '0.0000', 0, 0),
(962, 100, 4, 3, '100.0000', '+', 30, 0, '1.0000', '+', 0, 0, 0, '', 1, '0.0000', '0.0000', '0.0000', '0.0000', '0.0000', NULL, NULL, '0.0000', 0, '0.0000', 0, 0),
(119, 43, 1, 16, '5.0000', '+', 10, 1, '0.0000', '+', 0, 0, 1, '', 1, '0.0000', '0.0000', '0.0000', '0.0000', '0.0000', NULL, NULL, '0.0000', 0, '0.0000', 0, 0),
(120, 43, 1, 17, '6.0000', '+', 30, 0, '0.0000', '+', 0, 0, 1, '', 1, '0.0000', '0.0000', '0.0000', '0.0000', '0.0000', NULL, NULL, '0.0000', 0, '0.0000', 0, 0),
(121, 43, 1, 29, '7.0000', '+', 80, 0, '0.0000', '+', 0, 0, 1, '', 1, '0.0000', '0.0000', '0.0000', '0.0000', '0.0000', NULL, NULL, '0.0000', 0, '0.0000', 0, 0),
(122, 43, 2, 21, '0.0000', '+', 20, 0, '0.0000', '+', 0, 1, 0, '', 1, '0.0000', '0.0000', '0.0000', '0.0000', '0.0000', NULL, NULL, '0.0000', 0, '0.0000', 0, 0),
(123, 43, 2, 18, '1.0000', '+', 30, 1, '0.0000', '+', 0, 0, 0, '', 1, '0.0000', '0.0000', '0.0000', '0.0000', '0.0000', NULL, NULL, '0.0000', 0, '0.0000', 0, 0),
(124, 43, 2, 20, '2.0000', '+', 40, 0, '0.0000', '+', 0, 0, 0, '', 1, '0.0000', '0.0000', '0.0000', '0.0000', '0.0000', NULL, NULL, '0.0000', 0, '0.0000', 0, 0),
(125, 44, 1, 16, '0.0000', '+', 10, 0, '0.0000', '+', 0, 0, 1, '', 1, '0.0000', '0.0000', '0.0000', '0.0000', '0.0000', NULL, NULL, '0.0000', 0, '0.0000', 0, 0),
(126, 44, 1, 17, '0.0000', '+', 30, 0, '0.0000', '+', 0, 0, 1, '', 1, '0.0000', '0.0000', '0.0000', '0.0000', '0.0000', NULL, NULL, '0.0000', 0, '0.0000', 0, 0),
(127, 44, 1, 29, '0.0000', '+', 80, 0, '0.0000', '+', 0, 1, 1, '', 1, '0.0000', '0.0000', '0.0000', '0.0000', '0.0000', NULL, NULL, '0.0000', 0, '0.0000', 0, 0),
(128, 44, 2, 21, '0.0000', '+', 20, 0, '0.0000', '+', 0, 0, 1, '', 1, '0.0000', '0.0000', '0.0000', '0.0000', '0.0000', NULL, NULL, '0.0000', 0, '0.0000', 0, 0),
(129, 44, 2, 18, '1.0000', '+', 30, 0, '0.0000', '+', 0, 0, 1, '', 1, '0.0000', '0.0000', '0.0000', '0.0000', '0.0000', NULL, NULL, '0.0000', 0, '0.0000', 0, 0),
(130, 44, 2, 20, '2.0000', '+', 40, 0, '0.0000', '+', 0, 0, 1, '', 1, '0.0000', '0.0000', '0.0000', '0.0000', '0.0000', NULL, NULL, '0.0000', 0, '0.0000', 0, 0),
(141, 46, 2, 18, '1.0000', '+', 30, 0, '0.0000', '+', 0, 0, 1, '', 1, '0.0000', '0.0000', '0.0000', '0.0000', '0.0000', NULL, NULL, '0.0000', 0, '0.0000', 0, 0),
(140, 46, 2, 21, '0.0000', '+', 20, 0, '0.0000', '+', 0, 0, 1, '', 1, '0.0000', '0.0000', '0.0000', '0.0000', '0.0000', NULL, NULL, '0.0000', 0, '0.0000', 0, 0),
(139, 46, 1, 29, '0.0000', '+', 80, 0, '0.0000', '+', 0, 0, 1, '', 1, '0.0000', '0.0000', '0.0000', '0.0000', '0.0000', NULL, NULL, '0.0000', 0, '0.0000', 0, 0),
(138, 46, 1, 17, '0.0000', '+', 30, 0, '0.0000', '+', 0, 0, 1, '', 1, '0.0000', '0.0000', '0.0000', '0.0000', '0.0000', NULL, NULL, '0.0000', 0, '0.0000', 0, 0),
(137, 46, 1, 16, '0.0000', '+', 10, 0, '0.0000', '+', 0, 1, 1, '', 1, '0.0000', '0.0000', '0.0000', '0.0000', '0.0000', NULL, NULL, '0.0000', 0, '0.0000', 0, 0),
(142, 46, 2, 20, '2.0000', '+', 40, 0, '0.0000', '+', 0, 0, 1, '', 1, '0.0000', '0.0000', '0.0000', '0.0000', '0.0000', NULL, NULL, '0.0000', 0, '0.0000', 0, 0),
(143, 44, 2, 37, '0.0000', '+', 5, 0, '0.0000', '+', 1, 0, 1, '', 1, '0.0000', '0.0000', '0.0000', '0.0000', '0.0000', NULL, NULL, '0.0000', 0, '0.0000', 0, 0),
(144, 46, 2, 37, '0.0000', '+', 5, 1, '0.0000', '+', 1, 1, 0, '', 1, '0.0000', '0.0000', '0.0000', '0.0000', '0.0000', NULL, NULL, '0.0000', 0, '0.0000', 0, 0),
(160, 47, 14, 38, '5.0000', '+', 5, 0, '0.0000', '+', 0, 0, 1, '', 1, '0.0000', '0.0000', '0.0000', '0.0000', '0.0000', NULL, NULL, '0.0000', 0, '0.0000', 0, 0),
(161, 47, 14, 39, '10.0000', '+', 10, 0, '0.0000', '+', 0, 0, 1, '', 1, '0.0000', '0.0000', '0.0000', '0.0000', '0.0000', NULL, NULL, '0.0000', 0, '0.0000', 0, 0),
(162, 47, 14, 41, '15.0000', '+', 15, 0, '0.0000', '+', 0, 0, 1, '', 1, '0.0000', '0.0000', '0.0000', '0.0000', '0.0000', NULL, NULL, '0.0000', 0, '0.0000', 0, 0),
(163, 47, 14, 43, '100.0000', '+', 100, 0, '0.0000', '+', 0, 0, 1, '', 1, '0.0000', '0.0000', '0.0000', '0.0000', '0.0000', NULL, NULL, '0.0000', 0, '0.0000', 0, 0),
(164, 47, 14, 40, '25.0000', '+', 25, 0, '0.0000', '+', 0, 0, 1, '', 1, '0.0000', '0.0000', '0.0000', '0.0000', '0.0000', NULL, NULL, '0.0000', 0, '0.0000', 0, 0),
(165, 47, 14, 42, '50.0000', '+', 50, 0, '0.0000', '+', 0, 0, 1, '', 1, '0.0000', '0.0000', '0.0000', '0.0000', '0.0000', NULL, NULL, '0.0000', 0, '0.0000', 0, 0),
(407, 49, 1, 26, '0.0000', '+', 40, 0, '0.0000', '+', 0, 1, 1, '', 1, '0.0000', '0.0000', '0.0000', '0.0000', '0.0000', NULL, NULL, '0.0000', 0, '0.0000', 0, 0),
(401, 53, 1, 26, '0.0000', '+', 40, 0, '0.0000', '+', 0, 1, 1, 'attributes/color_green.gif', 1, '0.0000', '0.0000', '0.0000', '0.0000', '0.0000', NULL, NULL, '0.0000', 0, '0.0000', 0, 0),
(406, 49, 6, 22, '4.9900', '+', 20, 0, '0.0000', '+', 0, 0, 1, '', 1, '0.0000', '0.0000', '0.0000', '0.0000', '0.0000', NULL, NULL, '0.0000', 0, '0.0000', 0, 0),
(405, 49, 6, 14, '19.9900', '+', 30, 0, '0.0000', '+', 0, 0, 1, '', 1, '0.0000', '0.0000', '0.0000', '0.0000', '0.0000', NULL, NULL, '0.0000', 0, '0.0000', 0, 0),
(86, 34, 1, 26, '0.0000', '+', 40, 0, '0.0000', '+', 0, 1, 1, 'attributes/color_green.gif', 1, '0.0000', '0.0000', '0.0000', '0.0000', '0.0000', '', '', '0.0000', 0, '0.0000', 0, 0),
(311, 48, 1, 26, '0.0000', '+', 40, 0, '0.0000', '+', 0, 1, 1, 'attributes/color_green.gif', 1, '0.0000', '0.0000', '0.0000', '0.0000', '0.0000', NULL, NULL, '0.0000', 0, '0.0000', 0, 0),
(310, 48, 6, 22, '4.9900', '+', 20, 0, '0.0000', '+', 0, 0, 1, '', 1, '0.0000', '0.0000', '0.0000', '0.0000', '0.0000', NULL, NULL, '0.0000', 0, '0.0000', 0, 0),
(308, 48, 6, 23, '0.0000', '+', 10, 0, '0.0000', '+', 0, 0, 1, '', 1, '0.0000', '0.0000', '0.0000', '0.0000', '0.0000', NULL, NULL, '0.0000', 0, '0.0000', 0, 0),
(309, 48, 6, 14, '19.9900', '+', 30, 0, '0.0000', '+', 0, 0, 1, '', 1, '0.0000', '0.0000', '0.0000', '0.0000', '0.0000', NULL, NULL, '0.0000', 0, '0.0000', 0, 0),
(307, 48, 1, 15, '0.0000', '+', 50, 0, '0.0000', '+', 0, 0, 1, 'attributes/color_blue.gif', 1, '0.0000', '0.0000', '0.0000', '0.0000', '0.0000', NULL, NULL, '0.0000', 0, '0.0000', 0, 0),
(306, 48, 1, 31, '0.0000', '+', 100, 0, '0.0000', '+', 0, 0, 1, 'attributes/color_silver.gif', 1, '0.0000', '0.0000', '0.0000', '0.0000', '0.0000', NULL, NULL, '0.0000', 0, '0.0000', 0, 0),
(398, 53, 6, 23, '0.0000', '+', 10, 0, '0.0000', '+', 0, 0, 1, '', 1, '0.0000', '0.0000', '0.0000', '0.0000', '0.0000', NULL, NULL, '0.0000', 0, '0.0000', 0, 0),
(399, 53, 6, 14, '19.9900', '+', 30, 0, '0.0000', '+', 0, 0, 1, '', 1, '0.0000', '0.0000', '0.0000', '0.0000', '0.0000', NULL, NULL, '0.0000', 0, '0.0000', 0, 0),
(395, 50, 1, 26, '0.0000', '+', 40, 0, '0.0000', '+', 0, 1, 1, 'attributes/color_green.gif', 1, '0.0000', '0.0000', '0.0000', '0.0000', '0.0000', NULL, NULL, '0.0000', 0, '0.0000', 0, 0),
(390, 50, 1, 31, '0.0000', '+', 100, 0, '0.0000', '+', 0, 0, 1, 'attributes/color_silver.gif', 1, '0.0000', '0.0000', '0.0000', '0.0000', '0.0000', NULL, NULL, '0.0000', 0, '0.0000', 0, 0),
(400, 53, 6, 22, '4.9900', '+', 20, 0, '0.0000', '+', 0, 0, 1, '', 1, '0.0000', '0.0000', '0.0000', '0.0000', '0.0000', NULL, NULL, '0.0000', 0, '0.0000', 0, 0),
(397, 53, 1, 15, '0.0000', '+', 50, 0, '0.0000', '+', 0, 0, 1, 'attributes/color_blue.gif', 1, '0.0000', '0.0000', '0.0000', '0.0000', '0.0000', NULL, NULL, '0.0000', 0, '0.0000', 0, 0),
(392, 50, 6, 23, '0.0000', '+', 10, 0, '0.0000', '+', 0, 0, 1, '', 1, '0.0000', '0.0000', '0.0000', '0.0000', '0.0000', NULL, NULL, '0.0000', 0, '0.0000', 0, 0),
(391, 50, 1, 15, '0.0000', '+', 50, 0, '0.0000', '+', 0, 0, 1, 'attributes/color_blue.gif', 1, '0.0000', '0.0000', '0.0000', '0.0000', '0.0000', NULL, NULL, '0.0000', 0, '0.0000', 0, 0),
(403, 49, 1, 15, '0.0000', '+', 50, 0, '0.0000', '+', 0, 0, 1, '', 1, '0.0000', '0.0000', '0.0000', '0.0000', '0.0000', NULL, NULL, '0.0000', 0, '0.0000', 0, 0),
(396, 53, 1, 31, '0.0000', '+', 100, 0, '0.0000', '+', 0, 0, 1, 'attributes/color_silver.gif', 1, '0.0000', '0.0000', '0.0000', '0.0000', '0.0000', NULL, NULL, '0.0000', 0, '0.0000', 0, 0),
(404, 49, 6, 23, '0.0000', '+', 10, 0, '0.0000', '+', 0, 0, 1, '', 1, '0.0000', '0.0000', '0.0000', '0.0000', '0.0000', NULL, NULL, '0.0000', 0, '0.0000', 0, 0),
(87, 34, 1, 27, '0.0000', '+', 60, 0, '0.1000', '+', 0, 0, 1, 'attributes/a_bugs_life_purple.gif', 1, '0.0000', '0.0000', '0.0000', '0.0000', '0.0000', NULL, NULL, '0.0000', 0, '0.0000', 0, 0),
(88, 34, 1, 28, '0.0000', '+', 70, 0, '0.0000', '+', 0, 0, 1, 'attributes/a_bugs_life_brown.gif', 1, '0.0000', '0.0000', '0.0000', '0.0000', '0.0000', NULL, NULL, '0.0000', 0, '0.0000', 0, 0),
(89, 34, 1, 30, '0.0000', '+', 90, 0, '0.0000', '+', 0, 0, 1, 'attributes/a_bugs_life_white.gif', 1, '0.0000', '0.0000', '0.0000', '0.0000', '0.0000', NULL, NULL, '0.0000', 0, '0.0000', 0, 0),
(90, 34, 1, 31, '0.0000', '+', 100, 0, '0.0000', '+', 0, 0, 1, 'attributes/a_bugs_life_silver.gif', 1, '0.0000', '0.0000', '0.0000', '0.0000', '0.0000', NULL, NULL, '0.0000', 0, '0.0000', 0, 0),
(402, 49, 1, 31, '0.0000', '+', 100, 0, '0.0000', '+', 0, 0, 1, '', 1, '0.0000', '0.0000', '0.0000', '0.0000', '0.0000', NULL, NULL, '0.0000', 0, '0.0000', 0, 0),
(411, 54, 1, 15, '0.0000', '+', 50, 0, '0.0000', '+', 0, 0, 1, 'attributes/color_blue.gif', 1, '0.0000', '0.0000', '0.0000', '0.0000', '0.0000', NULL, NULL, '0.0000', 0, '0.0000', 0, 0),
(412, 54, 6, 23, '0.0000', '+', 10, 0, '0.0000', '+', 0, 0, 1, '', 1, '0.0000', '0.0000', '0.0000', '0.0000', '0.0000', NULL, NULL, '0.0000', 0, '0.0000', 0, 0),
(413, 54, 6, 14, '19.9900', '+', 30, 0, '0.0000', '+', 0, 0, 1, '', 1, '0.0000', '0.0000', '0.0000', '0.0000', '0.0000', NULL, NULL, '0.0000', 0, '0.0000', 0, 0),
(414, 54, 6, 22, '4.9900', '+', 20, 0, '0.0000', '+', 0, 0, 1, '', 1, '0.0000', '0.0000', '0.0000', '0.0000', '0.0000', NULL, NULL, '0.0000', 0, '0.0000', 0, 0),
(415, 54, 1, 26, '0.0000', '+', 40, 0, '0.0000', '+', 0, 1, 1, 'attributes/color_green.gif', 1, '0.0000', '0.0000', '0.0000', '0.0000', '0.0000', NULL, NULL, '0.0000', 0, '0.0000', 0, 0),
(417, 46, 13, 34, '0.0000', '+', 40, 0, '0.0000', '+', 0, 0, 1, '', 1, '0.0000', '0.0000', '0.0000', '0.0000', '0.0000', NULL, NULL, '0.0000', 0, '0.0000', 0, 0),
(418, 46, 13, 35, '0.0000', '+', 30, 0, '0.0000', '+', 0, 0, 1, '', 1, '0.0000', '0.0000', '0.0000', '0.0000', '0.0000', NULL, NULL, '0.0000', 0, '0.0000', 0, 0),
(419, 46, 13, 36, '0.0000', '+', 20, 0, '0.0000', '+', 0, 0, 1, '', 1, '0.0000', '0.0000', '0.0000', '0.0000', '0.0000', NULL, NULL, '0.0000', 0, '0.0000', 0, 0),
(420, 46, 13, 44, '0.0000', '+', 5, 0, '0.0000', '+', 0, 1, 0, '', 1, '0.0000', '0.0000', '0.0000', '0.0000', '0.0000', NULL, NULL, '0.0000', 0, '0.0000', 0, 0),
(421, 43, 1, 45, '0.0000', '+', 5, 0, '0.0000', '+', 0, 1, 1, '', 1, '0.0000', '0.0000', '0.0000', '0.0000', '0.0000', NULL, NULL, '0.0000', 0, '0.0000', 0, 0),
(427, 55, 6, 23, '0.0000', '+', 10, 0, '0.0000', '+', 0, 0, 1, '', 1, '0.0000', '0.0000', '0.0000', '0.0000', '0.0000', NULL, NULL, '0.0000', 0, '0.0000', 0, 0),
(428, 55, 6, 14, '19.9900', '+', 30, 0, '0.0000', '+', 0, 0, 1, '', 1, '0.0000', '0.0000', '0.0000', '0.0000', '0.0000', NULL, NULL, '0.0000', 0, '0.0000', 0, 0),
(429, 55, 6, 22, '4.9900', '+', 20, 0, '0.0000', '+', 0, 0, 1, '', 1, '0.0000', '0.0000', '0.0000', '0.0000', '0.0000', NULL, NULL, '0.0000', 0, '0.0000', 0, 0),
(430, 55, 1, 26, '0.0000', '+', 40, 0, '0.0000', '+', 0, 1, 1, 'attributes/color_green.gif', 1, '0.0000', '0.0000', '0.0000', '0.0000', '0.0000', NULL, NULL, '0.0000', 0, '0.0000', 0, 0),
(431, 56, 1, 31, '0.0000', '+', 100, 0, '0.0000', '+', 0, 0, 1, 'attributes/color_silver.gif', 1, '0.0000', '0.0000', '0.0000', '0.0000', '0.0000', NULL, NULL, '0.0000', 0, '0.0000', 0, 0),
(432, 56, 1, 15, '0.0000', '+', 50, 0, '0.0000', '+', 0, 0, 1, 'attributes/color_blue.gif', 1, '0.0000', '0.0000', '0.0000', '0.0000', '0.0000', NULL, NULL, '0.0000', 0, '0.0000', 0, 0),
(433, 56, 6, 23, '0.0000', '+', 10, 0, '0.0000', '+', 0, 0, 1, '', 1, '0.0000', '0.0000', '0.0000', '0.0000', '0.0000', NULL, NULL, '0.0000', 0, '0.0000', 0, 0),
(434, 56, 6, 14, '19.9900', '+', 30, 0, '0.0000', '+', 0, 0, 1, '', 1, '0.0000', '0.0000', '0.0000', '0.0000', '0.0000', NULL, NULL, '0.0000', 0, '0.0000', 0, 0),
(435, 56, 6, 22, '4.9900', '+', 20, 0, '0.0000', '+', 0, 0, 1, '', 1, '0.0000', '0.0000', '0.0000', '0.0000', '0.0000', NULL, NULL, '0.0000', 0, '0.0000', 0, 0),
(436, 56, 1, 26, '0.0000', '+', 40, 0, '0.0000', '+', 0, 1, 1, 'attributes/color_green.gif', 1, '0.0000', '0.0000', '0.0000', '0.0000', '0.0000', NULL, NULL, '0.0000', 0, '0.0000', 0, 0),
(449, 59, 1, 15, '539.0000', '', 50, 0, '0.0000', '+', 0, 0, 1, '', 1, '0.0000', '0.0000', '0.0000', '0.0000', '0.0000', NULL, NULL, '0.0000', 0, '0.0000', 0, 0),
(448, 59, 1, 30, '499.0000', '', 90, 0, '0.0000', '+', 0, 1, 1, '', 1, '0.0000', '0.0000', '0.0000', '0.0000', '0.0000', NULL, NULL, '0.0000', 0, '0.0000', 0, 0),
(447, 59, 1, 29, '519.0000', '', 80, 0, '0.0000', '+', 0, 0, 1, '', 1, '0.0000', '0.0000', '0.0000', '0.0000', '0.0000', NULL, NULL, '0.0000', 0, '0.0000', 0, 0),
(446, 59, 4, 1, '50.0000', '+', 10, 0, '1.0000', '+', 0, 0, 1, '', 1, '0.0000', '0.0000', '0.0000', '0.0000', '0.0000', NULL, NULL, '0.0000', 0, '0.0000', 0, 0),
(445, 59, 4, 2, '75.0000', '+', 20, 0, '1.0000', '+', 0, 0, 1, '', 1, '0.0000', '0.0000', '0.0000', '0.0000', '0.0000', NULL, NULL, '0.0000', 0, '0.0000', 0, 0),
(444, 59, 4, 3, '100.0000', '+', 30, 0, '1.0000', '+', 0, 0, 1, '', 1, '0.0000', '0.0000', '0.0000', '0.0000', '0.0000', NULL, NULL, '0.0000', 0, '0.0000', 0, 0),
(450, 59, 4, 46, '0.0000', '+', 5, 0, '0.0000', '+', 0, 1, 1, '', 1, '0.0000', '0.0000', '0.0000', '0.0000', '0.0000', NULL, NULL, '0.0000', 0, '0.0000', 0, 0),
(451, 60, 4, 3, '100.0000', '+', 30, 0, '1.0000', '+', 0, 0, 1, '', 1, '0.0000', '0.0000', '0.0000', '0.0000', '0.0000', NULL, NULL, '0.0000', 0, '0.0000', 0, 0),
(452, 60, 4, 2, '75.0000', '+', 20, 0, '1.0000', '+', 0, 0, 1, '', 1, '0.0000', '0.0000', '0.0000', '0.0000', '0.0000', NULL, NULL, '0.0000', 0, '0.0000', 0, 0),
(453, 60, 4, 1, '50.0000', '+', 10, 0, '1.0000', '+', 0, 0, 1, '', 1, '0.0000', '0.0000', '0.0000', '0.0000', '0.0000', NULL, NULL, '0.0000', 0, '0.0000', 0, 0),
(454, 60, 1, 29, '10.0000', '+', 80, 0, '0.0000', '+', 0, 0, 1, '', 1, '0.0000', '0.0000', '0.0000', '0.0000', '0.0000', NULL, NULL, '0.0000', 0, '0.0000', 0, 0),
(455, 60, 1, 30, '0.0000', '', 90, 0, '0.0000', '+', 0, 1, 1, '', 1, '0.0000', '0.0000', '0.0000', '0.0000', '0.0000', NULL, NULL, '0.0000', 0, '0.0000', 0, 0),
(456, 60, 1, 15, '20.0000', '+', 50, 0, '0.0000', '+', 0, 0, 1, '', 1, '0.0000', '0.0000', '0.0000', '0.0000', '0.0000', NULL, NULL, '0.0000', 0, '0.0000', 0, 0),
(457, 60, 4, 46, '0.0000', '+', 5, 0, '0.0000', '+', 0, 1, 1, '', 1, '0.0000', '0.0000', '0.0000', '0.0000', '0.0000', NULL, NULL, '0.0000', 0, '0.0000', 0, 0),
(458, 61, 4, 3, '100.0000', '+', 30, 0, '1.0000', '+', 0, 0, 0, '', 1, '0.0000', '0.0000', '0.0000', '0.0000', '0.0000', NULL, NULL, '0.0000', 0, '0.0000', 0, 0),
(459, 61, 4, 2, '75.0000', '+', 20, 0, '1.0000', '+', 0, 0, 0, '', 1, '0.0000', '0.0000', '0.0000', '0.0000', '0.0000', NULL, NULL, '0.0000', 0, '0.0000', 0, 0),
(460, 61, 4, 1, '50.0000', '+', 10, 0, '1.0000', '+', 0, 0, 0, '', 1, '0.0000', '0.0000', '0.0000', '0.0000', '0.0000', NULL, NULL, '0.0000', 0, '0.0000', 0, 0),
(461, 61, 1, 29, '10.0000', '+', 80, 0, '0.0000', '+', 0, 0, 0, '', 1, '0.0000', '0.0000', '0.0000', '0.0000', '0.0000', NULL, NULL, '0.0000', 0, '0.0000', 0, 0),
(462, 61, 1, 30, '0.0000', '', 90, 0, '0.0000', '+', 0, 1, 0, '', 1, '0.0000', '0.0000', '0.0000', '0.0000', '0.0000', NULL, NULL, '0.0000', 0, '0.0000', 0, 0),
(463, 61, 1, 15, '20.0000', '+', 50, 0, '0.0000', '+', 0, 0, 0, '', 1, '0.0000', '0.0000', '0.0000', '0.0000', '0.0000', NULL, NULL, '0.0000', 0, '0.0000', 0, 0),
(464, 61, 4, 46, '0.0000', '+', 5, 0, '0.0000', '+', 0, 1, 0, '', 1, '0.0000', '0.0000', '0.0000', '0.0000', '0.0000', NULL, NULL, '0.0000', 0, '0.0000', 0, 0),
(972, 101, 2, 21, '50.0000', '+', 20, 0, '0.0000', '+', 0, 0, 1, '', 1, '0.0000', '0.0000', '0.0000', '0.0000', '0.0000', NULL, NULL, '0.0000', 0, '0.0000', 0, 0),
(971, 101, 1, 17, '75.0000', '+', 30, 0, '0.0000', '+', 0, 0, 1, 'attributes/color_yellow.gif', 1, '0.0000', '0.0000', '0.0000', '0.0000', '0.0000', NULL, NULL, '0.0000', 0, '0.0000', 0, 0),
(970, 101, 1, 25, '50.0000', '+', 20, 0, '0.0000', '+', 0, 0, 1, 'attributes/color_orange.gif', 1, '0.0000', '0.0000', '0.0000', '0.0000', '0.0000', NULL, NULL, '0.0000', 0, '0.0000', 0, 0),
(969, 101, 1, 16, '100.0000', '+', 10, 0, '0.0000', '+', 0, 0, 1, 'attributes/color_red.gif', 1, '0.0000', '0.0000', '0.0000', '0.0000', '0.0000', NULL, NULL, '0.0000', 0, '0.0000', 0, 0),
(991, 110, 1, 25, '50.0000', '+', 20, 0, '0.0000', '+', 0, 0, 1, 'attributes/color_orange.gif', 1, '0.0000', '0.0000', '0.0000', '0.0000', '0.0000', NULL, NULL, '0.0000', 0, '0.0000', 0, 0),
(988, 109, 5, 52, '0.0000', '+', 20, 0, '0.0000', '+', 0, 0, 1, '', 1, '0.0000', '0.0000', '0.0000', '0.0000', '0.0000', NULL, NULL, '0.0000', 0, '0.0000', 0, 0),
(987, 109, 5, 10, '0.0000', '+', 10, 0, '0.0000', '+', 0, 0, 1, '', 1, '0.0000', '0.0000', '0.0000', '0.0000', '0.0000', NULL, NULL, '0.0000', 0, '0.0000', 0, 0),
(990, 110, 1, 16, '100.0000', '+', 10, 0, '0.0000', '+', 0, 0, 1, 'attributes/color_red.gif', 1, '0.0000', '0.0000', '0.0000', '0.0000', '0.0000', NULL, NULL, '0.0000', 0, '0.0000', 0, 0),
(483, 74, 4, 2, '75.0000', '+', 20, 0, '1.0000', '+', 0, 0, 0, '', 1, '0.0000', '0.0000', '0.0000', '0.0000', '0.0000', NULL, NULL, '0.0000', 0, '0.0000', 0, 0),
(482, 74, 4, 3, '100.0000', '+', 30, 0, '1.0000', '+', 0, 0, 0, '', 1, '0.0000', '0.0000', '0.0000', '0.0000', '0.0000', NULL, NULL, '0.0000', 0, '0.0000', 0, 0),
(484, 74, 4, 1, '50.0000', '+', 10, 0, '1.0000', '+', 0, 0, 0, '', 1, '0.0000', '0.0000', '0.0000', '0.0000', '0.0000', NULL, NULL, '0.0000', 0, '0.0000', 0, 0),
(485, 74, 1, 29, '519.0000', '', 80, 0, '0.0000', '+', 0, 0, 1, '', 1, '0.0000', '0.0000', '0.0000', '0.0000', '0.0000', NULL, NULL, '0.0000', 0, '0.0000', 0, 0),
(486, 74, 1, 30, '499.0000', '', 90, 0, '0.0000', '+', 0, 1, 1, '', 1, '0.0000', '0.0000', '0.0000', '0.0000', '0.0000', NULL, NULL, '0.0000', 0, '0.0000', 0, 0),
(487, 74, 1, 15, '539.0000', '', 50, 0, '0.0000', '+', 0, 0, 1, '', 1, '0.0000', '0.0000', '0.0000', '0.0000', '0.0000', NULL, NULL, '0.0000', 0, '0.0000', 0, 0),
(488, 74, 4, 46, '0.0000', '+', 5, 0, '0.0000', '+', 0, 1, 0, '', 1, '0.0000', '0.0000', '0.0000', '0.0000', '0.0000', NULL, NULL, '0.0000', 0, '0.0000', 0, 0),
(505, 76, 13, 35, '75.0000', '+', 30, 0, '0.0000', '+', 0, 0, 1, '', 1, '0.0000', '0.0000', '0.0000', '0.0000', '0.0000', NULL, NULL, '0.0000', 0, '0.0000', 0, 0),
(504, 76, 2, 18, '75.0000', '+', 30, 0, '0.0000', '+', 0, 0, 1, '', 1, '0.0000', '0.0000', '0.0000', '0.0000', '0.0000', NULL, NULL, '0.0000', 0, '0.0000', 0, 0),
(503, 76, 2, 20, '100.0000', '+', 40, 0, '0.0000', '+', 0, 0, 1, '', 1, '0.0000', '0.0000', '0.0000', '0.0000', '0.0000', NULL, NULL, '0.0000', 0, '0.0000', 0, 0),
(502, 76, 2, 21, '50.0000', '+', 20, 0, '0.0000', '+', 0, 0, 1, '', 1, '0.0000', '0.0000', '0.0000', '0.0000', '0.0000', NULL, NULL, '0.0000', 0, '0.0000', 0, 0),
(501, 76, 1, 17, '75.0000', '+', 30, 0, '0.0000', '+', 0, 0, 1, '', 1, '0.0000', '0.0000', '0.0000', '0.0000', '0.0000', NULL, NULL, '0.0000', 0, '0.0000', 0, 0),
(500, 76, 1, 25, '50.0000', '+', 20, 0, '0.0000', '+', 0, 0, 1, '', 1, '0.0000', '0.0000', '0.0000', '0.0000', '0.0000', NULL, NULL, '0.0000', 0, '0.0000', 0, 0),
(499, 76, 1, 16, '100.0000', '+', 10, 0, '0.0000', '+', 0, 0, 1, '', 1, '0.0000', '0.0000', '0.0000', '0.0000', '0.0000', NULL, NULL, '0.0000', 0, '0.0000', 0, 0),
(496, 46, 10, 0, '0.7500', '+', 0, 0, '0.0000', '+', 0, 0, 0, '', 1, '0.0000', '0.0000', '0.0000', '0.0000', '0.0000', NULL, NULL, '0.0000', 0, '0.0000', 0, 0),
(497, 46, 9, 0, '0.5000', '+', 0, 0, '0.0000', '+', 0, 0, 0, '', 1, '0.0000', '0.0000', '0.0000', '0.0000', '0.0000', NULL, NULL, '0.0000', 0, '0.0000', 0, 0),
(498, 46, 11, 0, '0.2500', '+', 0, 0, '0.0000', '+', 0, 0, 0, '', 1, '0.0000', '0.0000', '0.0000', '0.0000', '0.0000', NULL, NULL, '0.0000', 0, '0.0000', 0, 0),
(506, 76, 13, 34, '100.0000', '+', 40, 0, '0.0000', '+', 0, 0, 1, '', 1, '0.0000', '0.0000', '0.0000', '0.0000', '0.0000', NULL, NULL, '0.0000', 0, '0.0000', 0, 0),
(507, 76, 13, 36, '50.0000', '+', 20, 0, '0.0000', '+', 0, 0, 1, '', 1, '0.0000', '0.0000', '0.0000', '0.0000', '0.0000', NULL, NULL, '0.0000', 0, '0.0000', 0, 0),
(508, 78, 1, 16, '100.0000', '+', 10, 0, '0.0000', '+', 0, 0, 1, '', 1, '0.0000', '0.0000', '0.0000', '0.0000', '0.0000', NULL, NULL, '0.0000', 0, '0.0000', 0, 0),
(509, 78, 1, 25, '50.0000', '+', 20, 0, '0.0000', '+', 0, 0, 1, '', 1, '0.0000', '0.0000', '0.0000', '0.0000', '0.0000', NULL, NULL, '0.0000', 0, '0.0000', 0, 0),
(510, 78, 1, 17, '75.0000', '+', 30, 0, '0.0000', '+', 0, 0, 1, '', 1, '0.0000', '0.0000', '0.0000', '0.0000', '0.0000', NULL, NULL, '0.0000', 0, '0.0000', 0, 0),
(511, 78, 2, 21, '50.0000', '+', 20, 0, '0.0000', '+', 0, 0, 1, '', 1, '0.0000', '0.0000', '0.0000', '0.0000', '0.0000', NULL, NULL, '0.0000', 0, '0.0000', 0, 0),
(512, 78, 2, 20, '100.0000', '+', 40, 0, '0.0000', '+', 0, 0, 1, '', 1, '0.0000', '0.0000', '0.0000', '0.0000', '0.0000', NULL, NULL, '0.0000', 0, '0.0000', 0, 0),
(513, 78, 2, 18, '75.0000', '+', 30, 0, '0.0000', '+', 0, 0, 1, '', 1, '0.0000', '0.0000', '0.0000', '0.0000', '0.0000', NULL, NULL, '0.0000', 0, '0.0000', 0, 0),
(514, 78, 13, 35, '75.0000', '+', 30, 0, '0.0000', '+', 0, 0, 1, '', 1, '0.0000', '0.0000', '0.0000', '0.0000', '0.0000', NULL, NULL, '0.0000', 0, '0.0000', 0, 0),
(515, 78, 13, 34, '100.0000', '+', 40, 0, '0.0000', '+', 0, 0, 1, '', 1, '0.0000', '0.0000', '0.0000', '0.0000', '0.0000', NULL, NULL, '0.0000', 0, '0.0000', 0, 0),
(516, 78, 13, 36, '50.0000', '+', 20, 0, '0.0000', '+', 0, 0, 1, '', 1, '0.0000', '0.0000', '0.0000', '0.0000', '0.0000', NULL, NULL, '0.0000', 0, '0.0000', 0, 0),
(517, 79, 1, 16, '100.0000', '+', 10, 0, '0.0000', '+', 0, 0, 1, '', 1, '0.0000', '0.0000', '0.0000', '0.0000', '0.0000', NULL, NULL, '0.0000', 0, '0.0000', 0, 0),
(518, 79, 1, 25, '50.0000', '+', 20, 0, '0.0000', '+', 0, 0, 1, '', 1, '0.0000', '0.0000', '0.0000', '0.0000', '0.0000', NULL, NULL, '0.0000', 0, '0.0000', 0, 0),
(519, 79, 1, 17, '75.0000', '+', 30, 0, '0.0000', '+', 0, 0, 1, '', 1, '0.0000', '0.0000', '0.0000', '0.0000', '0.0000', NULL, NULL, '0.0000', 0, '0.0000', 0, 0),
(520, 79, 2, 21, '50.0000', '+', 20, 0, '0.0000', '+', 0, 0, 1, '', 1, '0.0000', '0.0000', '0.0000', '0.0000', '0.0000', NULL, NULL, '0.0000', 0, '0.0000', 0, 0),
(521, 79, 2, 20, '100.0000', '+', 40, 0, '0.0000', '+', 0, 0, 1, '', 1, '0.0000', '0.0000', '0.0000', '0.0000', '0.0000', NULL, NULL, '0.0000', 0, '0.0000', 0, 0),
(522, 79, 2, 18, '75.0000', '+', 30, 0, '0.0000', '+', 0, 0, 1, '', 1, '0.0000', '0.0000', '0.0000', '0.0000', '0.0000', NULL, NULL, '0.0000', 0, '0.0000', 0, 0),
(523, 79, 13, 35, '75.0000', '+', 30, 0, '0.0000', '+', 0, 0, 1, '', 1, '0.0000', '0.0000', '0.0000', '0.0000', '0.0000', NULL, NULL, '0.0000', 0, '0.0000', 0, 0),
(524, 79, 13, 34, '100.0000', '+', 40, 0, '0.0000', '+', 0, 0, 1, '', 1, '0.0000', '0.0000', '0.0000', '0.0000', '0.0000', NULL, NULL, '0.0000', 0, '0.0000', 0, 0),
(525, 79, 13, 36, '50.0000', '+', 20, 0, '0.0000', '+', 0, 0, 1, '', 1, '0.0000', '0.0000', '0.0000', '0.0000', '0.0000', NULL, NULL, '0.0000', 0, '0.0000', 0, 0),
(526, 80, 1, 16, '100.0000', '+', 10, 0, '0.0000', '+', 0, 0, 1, '', 1, '0.0000', '0.0000', '0.0000', '0.0000', '0.0000', NULL, NULL, '0.0000', 0, '0.0000', 0, 0),
(527, 80, 1, 25, '50.0000', '+', 20, 0, '0.0000', '+', 0, 0, 1, '', 1, '0.0000', '0.0000', '0.0000', '0.0000', '0.0000', NULL, NULL, '0.0000', 0, '0.0000', 0, 0),
(528, 80, 1, 17, '75.0000', '+', 30, 0, '0.0000', '+', 0, 0, 1, '', 1, '0.0000', '0.0000', '0.0000', '0.0000', '0.0000', NULL, NULL, '0.0000', 0, '0.0000', 0, 0),
(529, 80, 2, 21, '50.0000', '+', 20, 0, '0.0000', '+', 0, 0, 1, '', 1, '0.0000', '0.0000', '0.0000', '0.0000', '0.0000', NULL, NULL, '0.0000', 0, '0.0000', 0, 0),
(530, 80, 2, 20, '100.0000', '+', 40, 0, '0.0000', '+', 0, 0, 1, '', 1, '0.0000', '0.0000', '0.0000', '0.0000', '0.0000', NULL, NULL, '0.0000', 0, '0.0000', 0, 0),
(531, 80, 2, 18, '75.0000', '+', 30, 0, '0.0000', '+', 0, 0, 1, '', 1, '0.0000', '0.0000', '0.0000', '0.0000', '0.0000', NULL, NULL, '0.0000', 0, '0.0000', 0, 0),
(532, 80, 13, 35, '75.0000', '+', 30, 0, '0.0000', '+', 0, 0, 1, '', 1, '0.0000', '0.0000', '0.0000', '0.0000', '0.0000', NULL, NULL, '0.0000', 0, '0.0000', 0, 0),
(533, 80, 13, 34, '100.0000', '+', 40, 0, '0.0000', '+', 0, 0, 1, '', 1, '0.0000', '0.0000', '0.0000', '0.0000', '0.0000', NULL, NULL, '0.0000', 0, '0.0000', 0, 0),
(534, 80, 13, 36, '50.0000', '+', 20, 0, '0.0000', '+', 0, 0, 1, '', 1, '0.0000', '0.0000', '0.0000', '0.0000', '0.0000', NULL, NULL, '0.0000', 0, '0.0000', 0, 0),
(570, 84, 13, 36, '40.0000', '+', 20, 0, '0.0000', '+', 0, 0, 1, '', 1, '0.0000', '0.0000', '0.0000', '0.0000', '0.0000', NULL, NULL, '0.0000', 0, '0.0000', 0, 0),
(569, 84, 13, 34, '100.0000', '+', 40, 0, '0.0000', '+', 0, 0, 1, '', 1, '0.0000', '0.0000', '0.0000', '0.0000', '0.0000', NULL, NULL, '0.0000', 0, '0.0000', 0, 0),
(568, 84, 13, 35, '75.0000', '+', 30, 0, '0.0000', '+', 0, 0, 1, '', 1, '0.0000', '0.0000', '0.0000', '0.0000', '0.0000', NULL, NULL, '0.0000', 0, '0.0000', 0, 0),
(567, 84, 2, 18, '75.0000', '+', 30, 0, '0.0000', '+', 0, 0, 1, '', 1, '0.0000', '0.0000', '0.0000', '0.0000', '0.0000', NULL, NULL, '0.0000', 0, '0.0000', 0, 0),
(566, 84, 2, 20, '100.0000', '+', 40, 0, '0.0000', '+', 0, 0, 1, '', 1, '0.0000', '0.0000', '0.0000', '0.0000', '0.0000', NULL, NULL, '0.0000', 0, '0.0000', 0, 0),
(565, 84, 2, 21, '50.0000', '+', 20, 0, '0.0000', '+', 0, 0, 1, '', 1, '0.0000', '0.0000', '0.0000', '0.0000', '0.0000', NULL, NULL, '0.0000', 0, '0.0000', 0, 0),
(564, 84, 1, 17, '75.0000', '+', 30, 0, '0.0000', '+', 0, 0, 1, 'attributes/color_yellow.gif', 1, '0.0000', '0.0000', '0.0000', '0.0000', '0.0000', NULL, NULL, '0.0000', 0, '0.0000', 0, 0),
(563, 84, 1, 25, '50.0000', '+', 20, 0, '0.0000', '+', 0, 0, 1, 'attributes/color_orange.gif', 1, '0.0000', '0.0000', '0.0000', '0.0000', '0.0000', NULL, NULL, '0.0000', 0, '0.0000', 0, 0),
(562, 84, 1, 16, '100.0000', '+', 10, 0, '0.0000', '+', 0, 0, 1, 'attributes/color_red.gif', 1, '0.0000', '0.0000', '0.0000', '0.0000', '0.0000', NULL, NULL, '0.0000', 0, '0.0000', 0, 0),
(678, 82, 2, 18, '75.0000', '+', 30, 0, '0.0000', '+', 0, 0, 1, '', 1, '0.0000', '0.0000', '0.0000', '0.0000', '0.0000', NULL, NULL, '0.0000', 0, '0.0000', 0, 0),
(677, 82, 2, 20, '100.0000', '+', 40, 0, '0.0000', '+', 0, 0, 1, '', 1, '0.0000', '0.0000', '0.0000', '0.0000', '0.0000', NULL, NULL, '0.0000', 0, '0.0000', 0, 0),
(676, 82, 2, 21, '50.0000', '+', 20, 0, '0.0000', '+', 0, 0, 1, '', 1, '0.0000', '0.0000', '0.0000', '0.0000', '0.0000', NULL, NULL, '0.0000', 0, '0.0000', 0, 0),
(675, 82, 1, 17, '75.0000', '+', 30, 0, '0.0000', '+', 0, 0, 1, 'attributes/color_yellow.gif', 1, '0.0000', '0.0000', '0.0000', '0.0000', '0.0000', NULL, NULL, '0.0000', 0, '0.0000', 0, 0),
(674, 82, 1, 25, '50.0000', '+', 20, 0, '0.0000', '+', 0, 0, 1, 'attributes/color_orange.gif', 1, '0.0000', '0.0000', '0.0000', '0.0000', '0.0000', NULL, NULL, '0.0000', 0, '0.0000', 0, 0),
(673, 82, 1, 16, '100.0000', '+', 10, 0, '0.0000', '+', 0, 0, 1, 'attributes/color_red.gif', 1, '0.0000', '0.0000', '0.0000', '0.0000', '0.0000', NULL, NULL, '0.0000', 0, '0.0000', 0, 0),
(694, 83, 2, 18, '75.0000', '+', 30, 0, '0.0000', '+', 0, 0, 1, '', 1, '0.0000', '0.0000', '0.0000', '0.0000', '0.0000', NULL, NULL, '0.0000', 0, '0.0000', 0, 0),
(693, 83, 2, 20, '100.0000', '+', 40, 0, '0.0000', '+', 0, 0, 1, '', 1, '0.0000', '0.0000', '0.0000', '0.0000', '0.0000', NULL, NULL, '0.0000', 0, '0.0000', 0, 0),
(692, 83, 2, 21, '50.0000', '+', 20, 0, '0.0000', '+', 0, 0, 1, '', 1, '0.0000', '0.0000', '0.0000', '0.0000', '0.0000', NULL, NULL, '0.0000', 0, '0.0000', 0, 0),
(691, 83, 1, 17, '75.0000', '+', 30, 0, '0.0000', '+', 0, 0, 1, 'attributes/color_yellow.gif', 1, '0.0000', '0.0000', '0.0000', '0.0000', '0.0000', NULL, NULL, '0.0000', 0, '0.0000', 0, 0),
(690, 83, 1, 25, '50.0000', '+', 20, 0, '0.0000', '+', 0, 0, 1, 'attributes/color_orange.gif', 1, '0.0000', '0.0000', '0.0000', '0.0000', '0.0000', NULL, NULL, '0.0000', 0, '0.0000', 0, 0),
(689, 83, 1, 16, '100.0000', '+', 10, 0, '0.0000', '+', 0, 0, 1, 'attributes/color_red.gif', 1, '0.0000', '0.0000', '0.0000', '0.0000', '0.0000', NULL, NULL, '0.0000', 0, '0.0000', 0, 0),
(571, 85, 1, 16, '100.0000', '+', 10, 0, '0.0000', '+', 0, 0, 1, '', 1, '0.0000', '0.0000', '0.0000', '0.0000', '0.0000', NULL, NULL, '0.0000', 0, '0.0000', 0, 0),
(572, 85, 1, 25, '50.0000', '+', 20, 0, '0.0000', '+', 0, 0, 1, '', 1, '0.0000', '0.0000', '0.0000', '0.0000', '0.0000', NULL, NULL, '0.0000', 0, '0.0000', 0, 0),
(573, 85, 1, 17, '75.0000', '+', 30, 0, '0.0000', '+', 0, 0, 1, '', 1, '0.0000', '0.0000', '0.0000', '0.0000', '0.0000', NULL, NULL, '0.0000', 0, '0.0000', 0, 0),
(574, 85, 2, 21, '50.0000', '+', 20, 0, '0.0000', '+', 0, 0, 1, '', 1, '0.0000', '0.0000', '0.0000', '0.0000', '0.0000', NULL, NULL, '0.0000', 0, '0.0000', 0, 0),
(575, 85, 2, 20, '100.0000', '+', 40, 0, '0.0000', '+', 0, 0, 1, '', 1, '0.0000', '0.0000', '0.0000', '0.0000', '0.0000', NULL, NULL, '0.0000', 0, '0.0000', 0, 0),
(576, 85, 2, 18, '75.0000', '+', 30, 0, '0.0000', '+', 0, 0, 1, '', 1, '0.0000', '0.0000', '0.0000', '0.0000', '0.0000', NULL, NULL, '0.0000', 0, '0.0000', 0, 0),
(577, 85, 13, 35, '75.0000', '+', 30, 0, '0.0000', '+', 0, 0, 1, '', 1, '0.0000', '0.0000', '0.0000', '0.0000', '0.0000', NULL, NULL, '0.0000', 0, '0.0000', 0, 0),
(578, 85, 13, 34, '100.0000', '+', 40, 0, '0.0000', '+', 0, 0, 1, '', 1, '0.0000', '0.0000', '0.0000', '0.0000', '0.0000', NULL, NULL, '0.0000', 0, '0.0000', 0, 0),
(579, 85, 13, 36, '50.0000', '+', 20, 0, '0.0000', '+', 0, 0, 1, '', 1, '0.0000', '0.0000', '0.0000', '0.0000', '0.0000', NULL, NULL, '0.0000', 0, '0.0000', 0, 0),
(879, 88, 15, 50, '0.0000', '+', 30, 0, '0.0000', '+', 0, 0, 1, '', 0, '0.0000', '0.0000', '0.0000', '0.0000', '0.0000', NULL, NULL, '0.0000', 0, '0.0000', 0, 0),
(878, 88, 15, 49, '0.0000', '+', 20, 0, '0.0000', '+', 0, 0, 1, '', 0, '0.0000', '0.0000', '0.0000', '0.0000', '0.0000', NULL, NULL, '0.0000', 0, '0.0000', 0, 0),
(877, 88, 13, 48, '0.0000', '+', 5, 0, '0.0000', '+', 0, 0, 1, '', 1, '0.0000', '0.0000', '0.0000', '0.0000', '0.0000', NULL, NULL, '0.0000', 0, '0.0000', 0, 0),
(876, 88, 13, 47, '50.0000', '+', 10, 0, '0.0000', '+', 0, 0, 1, '', 1, '0.0000', '0.0000', '0.0000', '0.0000', '0.0000', NULL, NULL, '0.0000', 0, '0.0000', 0, 0),
(873, 88, 13, 36, '40.0000', '+', 20, 0, '0.0000', '+', 0, 0, 1, '', 1, '0.0000', '0.0000', '0.0000', '0.0000', '0.0000', NULL, NULL, '0.0000', 0, '0.0000', 0, 0),
(874, 88, 1, 26, '40.0000', '+', 40, 0, '0.0000', '+', 0, 0, 1, 'attributes/color_green.gif', 1, '0.0000', '0.0000', '0.0000', '0.0000', '0.0000', NULL, NULL, '0.0000', 0, '0.0000', 0, 0),
(875, 88, 2, 19, '40.0000', '+', 10, 0, '0.0000', '+', 0, 0, 1, '', 1, '0.0000', '0.0000', '0.0000', '0.0000', '0.0000', NULL, NULL, '0.0000', 0, '0.0000', 0, 0),
(895, 89, 15, 50, '0.0000', '+', 30, 0, '0.0000', '+', 0, 0, 1, '', 0, '0.0000', '0.0000', '0.0000', '0.0000', '0.0000', NULL, NULL, '0.0000', 0, '0.0000', 0, 0),
(894, 89, 15, 49, '0.0000', '+', 20, 0, '0.0000', '+', 0, 0, 1, '', 0, '0.0000', '0.0000', '0.0000', '0.0000', '0.0000', NULL, NULL, '0.0000', 0, '0.0000', 0, 0),
(893, 89, 13, 48, '0.0000', '+', 5, 0, '0.0000', '+', 0, 0, 1, '', 1, '0.0000', '0.0000', '0.0000', '0.0000', '0.0000', NULL, NULL, '0.0000', 0, '0.0000', 0, 0),
(892, 89, 13, 47, '50.0000', '+', 10, 0, '0.0000', '+', 0, 0, 1, '', 1, '0.0000', '0.0000', '0.0000', '0.0000', '0.0000', NULL, NULL, '0.0000', 0, '0.0000', 0, 0),
(889, 89, 13, 36, '40.0000', '+', 20, 0, '0.0000', '+', 0, 0, 1, '', 1, '0.0000', '0.0000', '0.0000', '0.0000', '0.0000', NULL, NULL, '0.0000', 0, '0.0000', 0, 0),
(890, 89, 1, 26, '40.0000', '+', 40, 0, '0.0000', '+', 0, 0, 1, 'attributes/color_green.gif', 1, '0.0000', '0.0000', '0.0000', '0.0000', '0.0000', NULL, NULL, '0.0000', 0, '0.0000', 0, 0),
(891, 89, 2, 19, '40.0000', '+', 10, 0, '0.0000', '+', 0, 0, 1, '', 1, '0.0000', '0.0000', '0.0000', '0.0000', '0.0000', NULL, NULL, '0.0000', 0, '0.0000', 0, 0),
(806, 90, 2, 18, '75.0000', '+', 30, 0, '0.0000', '+', 0, 0, 1, '', 1, '0.0000', '0.0000', '0.0000', '0.0000', '0.0000', NULL, NULL, '0.0000', 0, '0.0000', 0, 0),
(805, 90, 2, 20, '100.0000', '+', 40, 0, '0.0000', '+', 0, 0, 1, '', 1, '0.0000', '0.0000', '0.0000', '0.0000', '0.0000', NULL, NULL, '0.0000', 0, '0.0000', 0, 0),
(804, 90, 2, 21, '50.0000', '+', 20, 0, '0.0000', '+', 0, 0, 1, '', 1, '0.0000', '0.0000', '0.0000', '0.0000', '0.0000', NULL, NULL, '0.0000', 0, '0.0000', 0, 0),
(803, 90, 1, 17, '75.0000', '+', 30, 0, '0.0000', '+', 0, 0, 1, 'attributes/color_yellow.gif', 1, '0.0000', '0.0000', '0.0000', '0.0000', '0.0000', NULL, NULL, '0.0000', 0, '0.0000', 0, 0),
(802, 90, 1, 25, '50.0000', '+', 20, 0, '0.0000', '+', 0, 0, 1, 'attributes/color_orange.gif', 1, '0.0000', '0.0000', '0.0000', '0.0000', '0.0000', NULL, NULL, '0.0000', 0, '0.0000', 0, 0),
(801, 90, 1, 16, '100.0000', '+', 10, 0, '0.0000', '+', 0, 0, 1, 'attributes/color_red.gif', 1, '0.0000', '0.0000', '0.0000', '0.0000', '0.0000', NULL, NULL, '0.0000', 0, '0.0000', 0, 0),
(822, 92, 2, 18, '75.0000', '+', 30, 0, '0.0000', '+', 0, 0, 1, '', 1, '0.0000', '0.0000', '0.0000', '0.0000', '0.0000', NULL, NULL, '0.0000', 0, '0.0000', 0, 0),
(821, 92, 2, 20, '100.0000', '+', 40, 0, '0.0000', '+', 0, 0, 1, '', 1, '0.0000', '0.0000', '0.0000', '0.0000', '0.0000', NULL, NULL, '0.0000', 0, '0.0000', 0, 0),
(820, 92, 2, 21, '50.0000', '+', 20, 0, '0.0000', '+', 0, 0, 1, '', 1, '0.0000', '0.0000', '0.0000', '0.0000', '0.0000', NULL, NULL, '0.0000', 0, '0.0000', 0, 0),
(819, 92, 1, 17, '75.0000', '+', 30, 0, '0.0000', '+', 0, 0, 1, 'attributes/color_yellow.gif', 1, '0.0000', '0.0000', '0.0000', '0.0000', '0.0000', NULL, NULL, '0.0000', 0, '0.0000', 0, 0),
(818, 92, 1, 25, '50.0000', '+', 20, 0, '0.0000', '+', 0, 0, 1, 'attributes/color_orange.gif', 1, '0.0000', '0.0000', '0.0000', '0.0000', '0.0000', NULL, NULL, '0.0000', 0, '0.0000', 0, 0),
(817, 92, 1, 16, '100.0000', '+', 10, 0, '0.0000', '+', 0, 0, 1, 'attributes/color_red.gif', 1, '0.0000', '0.0000', '0.0000', '0.0000', '0.0000', NULL, NULL, '0.0000', 0, '0.0000', 0, 0),
(710, 93, 2, 18, '75.0000', '+', 30, 0, '0.0000', '+', 0, 0, 1, '', 1, '0.0000', '0.0000', '0.0000', '0.0000', '0.0000', NULL, NULL, '0.0000', 0, '0.0000', 0, 0),
(709, 93, 2, 20, '100.0000', '+', 40, 0, '0.0000', '+', 0, 0, 1, '', 1, '0.0000', '0.0000', '0.0000', '0.0000', '0.0000', NULL, NULL, '0.0000', 0, '0.0000', 0, 0),
(708, 93, 2, 21, '50.0000', '+', 20, 0, '0.0000', '+', 0, 0, 1, '', 1, '0.0000', '0.0000', '0.0000', '0.0000', '0.0000', NULL, NULL, '0.0000', 0, '0.0000', 0, 0),
(707, 93, 1, 17, '75.0000', '+', 30, 0, '0.0000', '+', 0, 0, 1, 'attributes/color_yellow.gif', 1, '0.0000', '0.0000', '0.0000', '0.0000', '0.0000', NULL, NULL, '0.0000', 0, '0.0000', 0, 0),
(706, 93, 1, 25, '50.0000', '+', 20, 0, '0.0000', '+', 0, 0, 1, 'attributes/color_orange.gif', 1, '0.0000', '0.0000', '0.0000', '0.0000', '0.0000', NULL, NULL, '0.0000', 0, '0.0000', 0, 0),
(705, 93, 1, 16, '100.0000', '+', 10, 0, '0.0000', '+', 0, 0, 1, 'attributes/color_red.gif', 1, '0.0000', '0.0000', '0.0000', '0.0000', '0.0000', NULL, NULL, '0.0000', 0, '0.0000', 0, 0),
(726, 94, 2, 18, '75.0000', '+', 30, 0, '0.0000', '+', 0, 0, 1, '', 1, '0.0000', '0.0000', '0.0000', '0.0000', '0.0000', NULL, NULL, '0.0000', 0, '0.0000', 0, 0),
(725, 94, 2, 20, '100.0000', '+', 40, 0, '0.0000', '+', 0, 0, 1, '', 1, '0.0000', '0.0000', '0.0000', '0.0000', '0.0000', NULL, NULL, '0.0000', 0, '0.0000', 0, 0),
(724, 94, 2, 21, '50.0000', '+', 20, 0, '0.0000', '+', 0, 0, 1, '', 1, '0.0000', '0.0000', '0.0000', '0.0000', '0.0000', NULL, NULL, '0.0000', 0, '0.0000', 0, 0),
(723, 94, 1, 17, '75.0000', '+', 30, 0, '0.0000', '+', 0, 0, 1, 'attributes/color_yellow.gif', 1, '0.0000', '0.0000', '0.0000', '0.0000', '0.0000', NULL, NULL, '0.0000', 0, '0.0000', 0, 0),
(722, 94, 1, 25, '50.0000', '+', 20, 0, '0.0000', '+', 0, 0, 1, 'attributes/color_orange.gif', 1, '0.0000', '0.0000', '0.0000', '0.0000', '0.0000', NULL, NULL, '0.0000', 0, '0.0000', 0, 0),
(721, 94, 1, 16, '100.0000', '+', 10, 0, '0.0000', '+', 0, 0, 1, 'attributes/color_red.gif', 1, '0.0000', '0.0000', '0.0000', '0.0000', '0.0000', NULL, NULL, '0.0000', 0, '0.0000', 0, 0),
(661, 84, 1, 26, '40.0000', '+', 40, 0, '0.0000', '+', 0, 0, 1, 'attributes/color_green.gif', 1, '0.0000', '0.0000', '0.0000', '0.0000', '0.0000', NULL, NULL, '0.0000', 0, '0.0000', 0, 0),
(662, 84, 2, 19, '40.0000', '+', 10, 0, '0.0000', '+', 0, 0, 1, '', 1, '0.0000', '0.0000', '0.0000', '0.0000', '0.0000', NULL, NULL, '0.0000', 0, '0.0000', 0, 0),
(663, 84, 13, 47, '50.0000', '+', 10, 0, '0.0000', '+', 0, 0, 1, '', 1, '0.0000', '0.0000', '0.0000', '0.0000', '0.0000', NULL, NULL, '0.0000', 0, '0.0000', 0, 0),
(668, 84, 13, 48, '0.0000', '+', 5, 0, '0.0000', '+', 0, 0, 1, '', 1, '0.0000', '0.0000', '0.0000', '0.0000', '0.0000', NULL, NULL, '0.0000', 0, '0.0000', 0, 0),
(669, 84, 15, 49, '0.0000', '+', 20, 0, '0.0000', '+', 0, 0, 1, '', 0, '0.0000', '0.0000', '0.0000', '0.0000', '0.0000', NULL, NULL, '0.0000', 0, '0.0000', 0, 0),
(671, 84, 15, 50, '0.0000', '+', 30, 0, '0.0000', '+', 0, 0, 1, '', 0, '0.0000', '0.0000', '0.0000', '0.0000', '0.0000', NULL, NULL, '0.0000', 0, '0.0000', 0, 0),
(679, 82, 13, 35, '75.0000', '+', 30, 0, '0.0000', '+', 0, 0, 1, '', 1, '0.0000', '0.0000', '0.0000', '0.0000', '0.0000', NULL, NULL, '0.0000', 0, '0.0000', 0, 0),
(672, 84, 15, 51, '0.0000', '+', 10, 0, '0.0000', '+', 0, 0, 1, '', 0, '0.0000', '0.0000', '0.0000', '0.0000', '0.0000', NULL, NULL, '0.0000', 0, '0.0000', 0, 0),
(680, 82, 13, 34, '100.0000', '+', 40, 0, '0.0000', '+', 0, 0, 1, '', 1, '0.0000', '0.0000', '0.0000', '0.0000', '0.0000', NULL, NULL, '0.0000', 0, '0.0000', 0, 0),
(681, 82, 13, 36, '40.0000', '+', 20, 0, '0.0000', '+', 0, 0, 1, '', 1, '0.0000', '0.0000', '0.0000', '0.0000', '0.0000', NULL, NULL, '0.0000', 0, '0.0000', 0, 0),
(682, 82, 1, 26, '40.0000', '+', 40, 0, '0.0000', '+', 0, 0, 1, 'attributes/color_green.gif', 1, '0.0000', '0.0000', '0.0000', '0.0000', '0.0000', NULL, NULL, '0.0000', 0, '0.0000', 0, 0),
(683, 82, 2, 19, '40.0000', '+', 10, 0, '0.0000', '+', 0, 0, 1, '', 1, '0.0000', '0.0000', '0.0000', '0.0000', '0.0000', NULL, NULL, '0.0000', 0, '0.0000', 0, 0),
(684, 82, 13, 47, '50.0000', '+', 10, 0, '0.0000', '+', 0, 0, 1, '', 1, '0.0000', '0.0000', '0.0000', '0.0000', '0.0000', NULL, NULL, '0.0000', 0, '0.0000', 0, 0),
(685, 82, 13, 48, '0.0000', '+', 5, 0, '0.0000', '+', 0, 0, 1, '', 1, '0.0000', '0.0000', '0.0000', '0.0000', '0.0000', NULL, NULL, '0.0000', 0, '0.0000', 0, 0),
(686, 82, 15, 49, '0.0000', '+', 20, 0, '0.0000', '+', 0, 0, 1, '', 0, '0.0000', '0.0000', '0.0000', '0.0000', '0.0000', NULL, NULL, '0.0000', 0, '0.0000', 0, 0),
(687, 82, 15, 50, '0.0000', '+', 30, 0, '0.0000', '+', 0, 0, 1, '', 0, '0.0000', '0.0000', '0.0000', '0.0000', '0.0000', NULL, NULL, '0.0000', 0, '0.0000', 0, 0),
(688, 82, 15, 51, '0.0000', '+', 10, 0, '0.0000', '+', 0, 0, 1, '', 0, '0.0000', '0.0000', '0.0000', '0.0000', '0.0000', NULL, NULL, '0.0000', 0, '0.0000', 0, 0),
(695, 83, 13, 35, '75.0000', '+', 30, 0, '0.0000', '+', 0, 0, 1, '', 1, '0.0000', '0.0000', '0.0000', '0.0000', '0.0000', NULL, NULL, '0.0000', 0, '0.0000', 0, 0),
(696, 83, 13, 34, '100.0000', '+', 40, 0, '0.0000', '+', 0, 0, 1, '', 1, '0.0000', '0.0000', '0.0000', '0.0000', '0.0000', NULL, NULL, '0.0000', 0, '0.0000', 0, 0),
(697, 83, 13, 36, '40.0000', '+', 20, 0, '0.0000', '+', 0, 0, 1, '', 1, '0.0000', '0.0000', '0.0000', '0.0000', '0.0000', NULL, NULL, '0.0000', 0, '0.0000', 0, 0),
(698, 83, 1, 26, '40.0000', '+', 40, 0, '0.0000', '+', 0, 0, 1, 'attributes/color_green.gif', 1, '0.0000', '0.0000', '0.0000', '0.0000', '0.0000', NULL, NULL, '0.0000', 0, '0.0000', 0, 0),
(699, 83, 2, 19, '40.0000', '+', 10, 0, '0.0000', '+', 0, 0, 1, '', 1, '0.0000', '0.0000', '0.0000', '0.0000', '0.0000', NULL, NULL, '0.0000', 0, '0.0000', 0, 0),
(700, 83, 13, 47, '50.0000', '+', 10, 0, '0.0000', '+', 0, 0, 1, '', 1, '0.0000', '0.0000', '0.0000', '0.0000', '0.0000', NULL, NULL, '0.0000', 0, '0.0000', 0, 0),
(701, 83, 13, 48, '0.0000', '+', 5, 0, '0.0000', '+', 0, 0, 1, '', 1, '0.0000', '0.0000', '0.0000', '0.0000', '0.0000', NULL, NULL, '0.0000', 0, '0.0000', 0, 0),
(702, 83, 15, 49, '0.0000', '+', 20, 0, '0.0000', '+', 0, 0, 1, '', 0, '0.0000', '0.0000', '0.0000', '0.0000', '0.0000', NULL, NULL, '0.0000', 0, '0.0000', 0, 0),
(703, 83, 15, 50, '0.0000', '+', 30, 0, '0.0000', '+', 0, 0, 1, '', 0, '0.0000', '0.0000', '0.0000', '0.0000', '0.0000', NULL, NULL, '0.0000', 0, '0.0000', 0, 0),
(704, 83, 15, 51, '0.0000', '+', 10, 0, '0.0000', '+', 0, 0, 1, '', 0, '0.0000', '0.0000', '0.0000', '0.0000', '0.0000', NULL, NULL, '0.0000', 0, '0.0000', 0, 0),
(711, 93, 13, 35, '75.0000', '+', 30, 0, '0.0000', '+', 0, 0, 1, '', 1, '0.0000', '0.0000', '0.0000', '0.0000', '0.0000', NULL, NULL, '0.0000', 0, '0.0000', 0, 0),
(712, 93, 13, 34, '100.0000', '+', 40, 0, '0.0000', '+', 0, 0, 1, '', 1, '0.0000', '0.0000', '0.0000', '0.0000', '0.0000', NULL, NULL, '0.0000', 0, '0.0000', 0, 0),
(713, 93, 13, 36, '40.0000', '+', 20, 0, '0.0000', '+', 0, 0, 1, '', 1, '0.0000', '0.0000', '0.0000', '0.0000', '0.0000', NULL, NULL, '0.0000', 0, '0.0000', 0, 0),
(714, 93, 1, 26, '40.0000', '+', 40, 0, '0.0000', '+', 0, 0, 1, 'attributes/color_green.gif', 1, '0.0000', '0.0000', '0.0000', '0.0000', '0.0000', NULL, NULL, '0.0000', 0, '0.0000', 0, 0),
(715, 93, 2, 19, '40.0000', '+', 10, 0, '0.0000', '+', 0, 0, 1, '', 1, '0.0000', '0.0000', '0.0000', '0.0000', '0.0000', NULL, NULL, '0.0000', 0, '0.0000', 0, 0),
(716, 93, 13, 47, '50.0000', '+', 10, 0, '0.0000', '+', 0, 0, 1, '', 1, '0.0000', '0.0000', '0.0000', '0.0000', '0.0000', NULL, NULL, '0.0000', 0, '0.0000', 0, 0),
(717, 93, 13, 48, '0.0000', '+', 5, 0, '0.0000', '+', 0, 0, 1, '', 1, '0.0000', '0.0000', '0.0000', '0.0000', '0.0000', NULL, NULL, '0.0000', 0, '0.0000', 0, 0),
(718, 93, 15, 49, '0.0000', '+', 20, 0, '0.0000', '+', 0, 0, 1, '', 0, '0.0000', '0.0000', '0.0000', '0.0000', '0.0000', NULL, NULL, '0.0000', 0, '0.0000', 0, 0),
(719, 93, 15, 50, '0.0000', '+', 30, 0, '0.0000', '+', 0, 0, 1, '', 0, '0.0000', '0.0000', '0.0000', '0.0000', '0.0000', NULL, NULL, '0.0000', 0, '0.0000', 0, 0),
(720, 93, 15, 51, '0.0000', '+', 10, 0, '0.0000', '+', 0, 0, 1, '', 0, '0.0000', '0.0000', '0.0000', '0.0000', '0.0000', NULL, NULL, '0.0000', 0, '0.0000', 0, 0),
(727, 94, 13, 35, '75.0000', '+', 30, 0, '0.0000', '+', 0, 0, 1, '', 1, '0.0000', '0.0000', '0.0000', '0.0000', '0.0000', NULL, NULL, '0.0000', 0, '0.0000', 0, 0),
(728, 94, 13, 34, '100.0000', '+', 40, 0, '0.0000', '+', 0, 0, 1, '', 1, '0.0000', '0.0000', '0.0000', '0.0000', '0.0000', NULL, NULL, '0.0000', 0, '0.0000', 0, 0),
(729, 94, 13, 36, '40.0000', '+', 20, 0, '0.0000', '+', 0, 0, 1, '', 1, '0.0000', '0.0000', '0.0000', '0.0000', '0.0000', NULL, NULL, '0.0000', 0, '0.0000', 0, 0),
(730, 94, 1, 26, '40.0000', '+', 40, 0, '0.0000', '+', 0, 0, 1, 'attributes/color_green.gif', 1, '0.0000', '0.0000', '0.0000', '0.0000', '0.0000', NULL, NULL, '0.0000', 0, '0.0000', 0, 0),
(731, 94, 2, 19, '40.0000', '+', 10, 0, '0.0000', '+', 0, 0, 1, '', 1, '0.0000', '0.0000', '0.0000', '0.0000', '0.0000', NULL, NULL, '0.0000', 0, '0.0000', 0, 0),
(732, 94, 13, 47, '50.0000', '+', 10, 0, '0.0000', '+', 0, 0, 1, '', 1, '0.0000', '0.0000', '0.0000', '0.0000', '0.0000', NULL, NULL, '0.0000', 0, '0.0000', 0, 0),
(733, 94, 13, 48, '0.0000', '+', 5, 0, '0.0000', '+', 0, 0, 1, '', 1, '0.0000', '0.0000', '0.0000', '0.0000', '0.0000', NULL, NULL, '0.0000', 0, '0.0000', 0, 0),
(734, 94, 15, 49, '0.0000', '+', 20, 0, '0.0000', '+', 0, 0, 1, '', 0, '0.0000', '0.0000', '0.0000', '0.0000', '0.0000', NULL, NULL, '0.0000', 0, '0.0000', 0, 0),
(735, 94, 15, 50, '0.0000', '+', 30, 0, '0.0000', '+', 0, 0, 1, '', 0, '0.0000', '0.0000', '0.0000', '0.0000', '0.0000', NULL, NULL, '0.0000', 0, '0.0000', 0, 0),
(736, 94, 15, 51, '0.0000', '+', 10, 0, '0.0000', '+', 0, 0, 1, '', 0, '0.0000', '0.0000', '0.0000', '0.0000', '0.0000', NULL, NULL, '0.0000', 0, '0.0000', 0, 0),
(872, 88, 13, 34, '100.0000', '+', 40, 0, '0.0000', '+', 0, 0, 1, '', 1, '0.0000', '0.0000', '0.0000', '0.0000', '0.0000', NULL, NULL, '0.0000', 0, '0.0000', 0, 0),
(871, 88, 13, 35, '75.0000', '+', 30, 0, '0.0000', '+', 0, 0, 1, '', 1, '0.0000', '0.0000', '0.0000', '0.0000', '0.0000', NULL, NULL, '0.0000', 0, '0.0000', 0, 0),
(870, 88, 2, 18, '75.0000', '+', 30, 0, '0.0000', '+', 0, 0, 1, '', 1, '0.0000', '0.0000', '0.0000', '0.0000', '0.0000', NULL, NULL, '0.0000', 0, '0.0000', 0, 0),
(868, 88, 2, 21, '50.0000', '+', 20, 0, '0.0000', '+', 0, 0, 1, '', 1, '0.0000', '0.0000', '0.0000', '0.0000', '0.0000', NULL, NULL, '0.0000', 0, '0.0000', 0, 0),
(869, 88, 2, 20, '100.0000', '+', 40, 0, '0.0000', '+', 0, 0, 1, '', 1, '0.0000', '0.0000', '0.0000', '0.0000', '0.0000', NULL, NULL, '0.0000', 0, '0.0000', 0, 0),
(867, 88, 1, 17, '75.0000', '+', 30, 0, '0.0000', '+', 0, 0, 1, 'attributes/color_yellow.gif', 1, '0.0000', '0.0000', '0.0000', '0.0000', '0.0000', NULL, NULL, '0.0000', 0, '0.0000', 0, 0),
(866, 88, 1, 25, '50.0000', '+', 20, 0, '0.0000', '+', 0, 0, 1, 'attributes/color_orange.gif', 1, '0.0000', '0.0000', '0.0000', '0.0000', '0.0000', NULL, NULL, '0.0000', 0, '0.0000', 0, 0),
(888, 89, 13, 34, '100.0000', '+', 40, 0, '0.0000', '+', 0, 0, 1, '', 1, '0.0000', '0.0000', '0.0000', '0.0000', '0.0000', NULL, NULL, '0.0000', 0, '0.0000', 0, 0),
(887, 89, 13, 35, '75.0000', '+', 30, 0, '0.0000', '+', 0, 0, 1, '', 1, '0.0000', '0.0000', '0.0000', '0.0000', '0.0000', NULL, NULL, '0.0000', 0, '0.0000', 0, 0),
(886, 89, 2, 18, '75.0000', '+', 30, 0, '0.0000', '+', 0, 0, 1, '', 1, '0.0000', '0.0000', '0.0000', '0.0000', '0.0000', NULL, NULL, '0.0000', 0, '0.0000', 0, 0),
(884, 89, 2, 21, '50.0000', '+', 20, 0, '0.0000', '+', 0, 0, 1, '', 1, '0.0000', '0.0000', '0.0000', '0.0000', '0.0000', NULL, NULL, '0.0000', 0, '0.0000', 0, 0),
(885, 89, 2, 20, '100.0000', '+', 40, 0, '0.0000', '+', 0, 0, 1, '', 1, '0.0000', '0.0000', '0.0000', '0.0000', '0.0000', NULL, NULL, '0.0000', 0, '0.0000', 0, 0),
(883, 89, 1, 17, '75.0000', '+', 30, 0, '0.0000', '+', 0, 0, 1, 'attributes/color_yellow.gif', 1, '0.0000', '0.0000', '0.0000', '0.0000', '0.0000', NULL, NULL, '0.0000', 0, '0.0000', 0, 0),
(882, 89, 1, 25, '50.0000', '+', 20, 0, '0.0000', '+', 0, 0, 1, 'attributes/color_orange.gif', 1, '0.0000', '0.0000', '0.0000', '0.0000', '0.0000', NULL, NULL, '0.0000', 0, '0.0000', 0, 0),
(807, 90, 13, 35, '75.0000', '+', 30, 0, '0.0000', '+', 0, 0, 1, '', 1, '0.0000', '0.0000', '0.0000', '0.0000', '0.0000', NULL, NULL, '0.0000', 0, '0.0000', 0, 0),
(808, 90, 13, 34, '100.0000', '+', 40, 0, '0.0000', '+', 0, 0, 1, '', 1, '0.0000', '0.0000', '0.0000', '0.0000', '0.0000', NULL, NULL, '0.0000', 0, '0.0000', 0, 0),
(809, 90, 13, 36, '40.0000', '+', 20, 0, '0.0000', '+', 0, 0, 1, '', 1, '0.0000', '0.0000', '0.0000', '0.0000', '0.0000', NULL, NULL, '0.0000', 0, '0.0000', 0, 0),
(810, 90, 1, 26, '40.0000', '+', 40, 0, '0.0000', '+', 0, 0, 1, 'attributes/color_green.gif', 1, '0.0000', '0.0000', '0.0000', '0.0000', '0.0000', NULL, NULL, '0.0000', 0, '0.0000', 0, 0),
(811, 90, 2, 19, '40.0000', '+', 10, 0, '0.0000', '+', 0, 0, 1, '', 1, '0.0000', '0.0000', '0.0000', '0.0000', '0.0000', NULL, NULL, '0.0000', 0, '0.0000', 0, 0),
(812, 90, 13, 47, '50.0000', '+', 10, 0, '0.0000', '+', 0, 0, 1, '', 1, '0.0000', '0.0000', '0.0000', '0.0000', '0.0000', NULL, NULL, '0.0000', 0, '0.0000', 0, 0),
(813, 90, 13, 48, '0.0000', '+', 5, 0, '0.0000', '+', 0, 0, 1, '', 1, '0.0000', '0.0000', '0.0000', '0.0000', '0.0000', NULL, NULL, '0.0000', 0, '0.0000', 0, 0),
(814, 90, 15, 49, '0.0000', '+', 20, 0, '0.0000', '+', 0, 0, 1, '', 0, '0.0000', '0.0000', '0.0000', '0.0000', '0.0000', NULL, NULL, '0.0000', 0, '0.0000', 0, 0),
(815, 90, 15, 50, '0.0000', '+', 30, 0, '0.0000', '+', 0, 0, 1, '', 0, '0.0000', '0.0000', '0.0000', '0.0000', '0.0000', NULL, NULL, '0.0000', 0, '0.0000', 0, 0),
(816, 90, 15, 51, '0.0000', '+', 10, 0, '0.0000', '+', 0, 0, 1, '', 0, '0.0000', '0.0000', '0.0000', '0.0000', '0.0000', NULL, NULL, '0.0000', 0, '0.0000', 0, 0),
(823, 92, 13, 35, '75.0000', '+', 30, 0, '0.0000', '+', 0, 0, 1, '', 1, '0.0000', '0.0000', '0.0000', '0.0000', '0.0000', NULL, NULL, '0.0000', 0, '0.0000', 0, 0),
(824, 92, 13, 34, '100.0000', '+', 40, 0, '0.0000', '+', 0, 0, 1, '', 1, '0.0000', '0.0000', '0.0000', '0.0000', '0.0000', NULL, NULL, '0.0000', 0, '0.0000', 0, 0),
(825, 92, 13, 36, '40.0000', '+', 20, 0, '0.0000', '+', 0, 0, 1, '', 1, '0.0000', '0.0000', '0.0000', '0.0000', '0.0000', NULL, NULL, '0.0000', 0, '0.0000', 0, 0),
(826, 92, 1, 26, '40.0000', '+', 40, 0, '0.0000', '+', 0, 0, 1, 'attributes/color_green.gif', 1, '0.0000', '0.0000', '0.0000', '0.0000', '0.0000', NULL, NULL, '0.0000', 0, '0.0000', 0, 0),
(827, 92, 2, 19, '40.0000', '+', 10, 0, '0.0000', '+', 0, 0, 1, '', 1, '0.0000', '0.0000', '0.0000', '0.0000', '0.0000', NULL, NULL, '0.0000', 0, '0.0000', 0, 0),
(828, 92, 13, 47, '50.0000', '+', 10, 0, '0.0000', '+', 0, 0, 1, '', 1, '0.0000', '0.0000', '0.0000', '0.0000', '0.0000', NULL, NULL, '0.0000', 0, '0.0000', 0, 0),
(829, 92, 13, 48, '0.0000', '+', 5, 0, '0.0000', '+', 0, 0, 1, '', 1, '0.0000', '0.0000', '0.0000', '0.0000', '0.0000', NULL, NULL, '0.0000', 0, '0.0000', 0, 0),
(830, 92, 15, 49, '0.0000', '+', 20, 0, '0.0000', '+', 0, 0, 1, '', 0, '0.0000', '0.0000', '0.0000', '0.0000', '0.0000', NULL, NULL, '0.0000', 0, '0.0000', 0, 0),
(831, 92, 15, 50, '0.0000', '+', 30, 0, '0.0000', '+', 0, 0, 1, '', 0, '0.0000', '0.0000', '0.0000', '0.0000', '0.0000', NULL, NULL, '0.0000', 0, '0.0000', 0, 0),
(832, 92, 15, 51, '0.0000', '+', 10, 0, '0.0000', '+', 0, 0, 1, '', 0, '0.0000', '0.0000', '0.0000', '0.0000', '0.0000', NULL, NULL, '0.0000', 0, '0.0000', 0, 0),
(865, 88, 1, 16, '100.0000', '+', 10, 0, '0.0000', '+', 0, 0, 1, 'attributes/color_red.gif', 1, '0.0000', '0.0000', '0.0000', '0.0000', '0.0000', NULL, NULL, '0.0000', 0, '0.0000', 0, 0),
(881, 89, 1, 16, '100.0000', '+', 10, 0, '0.0000', '+', 0, 0, 1, 'attributes/color_red.gif', 1, '0.0000', '0.0000', '0.0000', '0.0000', '0.0000', NULL, NULL, '0.0000', 0, '0.0000', 0, 0),
(880, 88, 15, 51, '0.0000', '+', 10, 0, '0.0000', '+', 0, 0, 1, '', 0, '0.0000', '0.0000', '0.0000', '0.0000', '0.0000', NULL, NULL, '0.0000', 0, '0.0000', 0, 0),
(896, 89, 15, 51, '0.0000', '+', 10, 0, '0.0000', '+', 0, 0, 1, '', 0, '0.0000', '0.0000', '0.0000', '0.0000', '0.0000', NULL, NULL, '0.0000', 0, '0.0000', 0, 0),
(897, 95, 1, 16, '100.0000', '+', 10, 0, '0.0000', '+', 0, 0, 1, 'attributes/color_red.gif', 1, '0.0000', '0.0000', '0.0000', '0.0000', '0.0000', NULL, NULL, '0.0000', 0, '0.0000', 0, 0),
(898, 95, 1, 25, '50.0000', '+', 20, 0, '0.0000', '+', 0, 0, 1, 'attributes/color_orange.gif', 1, '0.0000', '0.0000', '0.0000', '0.0000', '0.0000', NULL, NULL, '0.0000', 0, '0.0000', 0, 0),
(899, 95, 1, 17, '75.0000', '+', 30, 0, '0.0000', '+', 0, 0, 1, 'attributes/color_yellow.gif', 1, '0.0000', '0.0000', '0.0000', '0.0000', '0.0000', NULL, NULL, '0.0000', 0, '0.0000', 0, 0),
(900, 95, 2, 21, '50.0000', '+', 20, 0, '0.0000', '+', 0, 0, 1, '', 1, '0.0000', '0.0000', '0.0000', '0.0000', '0.0000', NULL, NULL, '0.0000', 0, '0.0000', 0, 0),
(901, 95, 2, 20, '100.0000', '+', 40, 0, '0.0000', '+', 0, 0, 1, '', 1, '0.0000', '0.0000', '0.0000', '0.0000', '0.0000', NULL, NULL, '0.0000', 0, '0.0000', 0, 0),
(902, 95, 2, 18, '75.0000', '+', 30, 0, '0.0000', '+', 0, 0, 1, '', 1, '0.0000', '0.0000', '0.0000', '0.0000', '0.0000', NULL, NULL, '0.0000', 0, '0.0000', 0, 0),
(903, 95, 13, 35, '75.0000', '+', 30, 0, '0.0000', '+', 0, 0, 1, '', 1, '0.0000', '0.0000', '0.0000', '0.0000', '0.0000', NULL, NULL, '0.0000', 0, '0.0000', 0, 0),
(904, 95, 13, 34, '100.0000', '+', 40, 0, '0.0000', '+', 0, 0, 1, '', 1, '0.0000', '0.0000', '0.0000', '0.0000', '0.0000', NULL, NULL, '0.0000', 0, '0.0000', 0, 0),
(905, 95, 13, 36, '40.0000', '+', 20, 0, '0.0000', '+', 0, 0, 1, '', 1, '0.0000', '0.0000', '0.0000', '0.0000', '0.0000', NULL, NULL, '0.0000', 0, '0.0000', 0, 0),
(906, 95, 1, 26, '40.0000', '+', 40, 0, '0.0000', '+', 0, 0, 1, 'attributes/color_green.gif', 1, '0.0000', '0.0000', '0.0000', '0.0000', '0.0000', NULL, NULL, '0.0000', 0, '0.0000', 0, 0),
(907, 95, 2, 19, '40.0000', '+', 10, 0, '0.0000', '+', 0, 0, 1, '', 1, '0.0000', '0.0000', '0.0000', '0.0000', '0.0000', NULL, NULL, '0.0000', 0, '0.0000', 0, 0),
(908, 95, 13, 47, '50.0000', '+', 10, 0, '0.0000', '+', 0, 0, 1, '', 1, '0.0000', '0.0000', '0.0000', '0.0000', '0.0000', NULL, NULL, '0.0000', 0, '0.0000', 0, 0),
(909, 95, 13, 48, '0.0000', '+', 5, 0, '0.0000', '+', 0, 0, 1, '', 1, '0.0000', '0.0000', '0.0000', '0.0000', '0.0000', NULL, NULL, '0.0000', 0, '0.0000', 0, 0),
(910, 95, 15, 49, '0.0000', '+', 20, 0, '0.0000', '+', 0, 0, 1, '', 0, '0.0000', '0.0000', '0.0000', '0.0000', '0.0000', NULL, NULL, '0.0000', 0, '0.0000', 0, 0),
(911, 95, 15, 50, '0.0000', '+', 30, 0, '0.0000', '+', 0, 0, 1, '', 0, '0.0000', '0.0000', '0.0000', '0.0000', '0.0000', NULL, NULL, '0.0000', 0, '0.0000', 0, 0),
(912, 95, 15, 51, '0.0000', '+', 10, 0, '0.0000', '+', 0, 0, 1, '', 0, '0.0000', '0.0000', '0.0000', '0.0000', '0.0000', NULL, NULL, '0.0000', 0, '0.0000', 0, 0),
(913, 96, 1, 16, '100.0000', '+', 10, 0, '0.0000', '+', 0, 0, 1, 'attributes/color_red.gif', 1, '0.0000', '0.0000', '0.0000', '0.0000', '0.0000', NULL, NULL, '0.0000', 0, '0.0000', 0, 0),
(914, 96, 1, 25, '50.0000', '+', 20, 0, '0.0000', '+', 0, 0, 1, 'attributes/color_orange.gif', 1, '0.0000', '0.0000', '0.0000', '0.0000', '0.0000', NULL, NULL, '0.0000', 0, '0.0000', 0, 0),
(915, 96, 1, 17, '75.0000', '+', 30, 0, '0.0000', '+', 0, 0, 1, 'attributes/color_yellow.gif', 1, '0.0000', '0.0000', '0.0000', '0.0000', '0.0000', NULL, NULL, '0.0000', 0, '0.0000', 0, 0),
(916, 96, 2, 21, '50.0000', '+', 20, 0, '0.0000', '+', 0, 0, 1, '', 1, '0.0000', '0.0000', '0.0000', '0.0000', '0.0000', NULL, NULL, '0.0000', 0, '0.0000', 0, 0),
(917, 96, 2, 20, '100.0000', '+', 40, 0, '0.0000', '+', 0, 0, 1, '', 1, '0.0000', '0.0000', '0.0000', '0.0000', '0.0000', NULL, NULL, '0.0000', 0, '0.0000', 0, 0),
(918, 96, 2, 18, '75.0000', '+', 30, 0, '0.0000', '+', 0, 0, 1, '', 1, '0.0000', '0.0000', '0.0000', '0.0000', '0.0000', NULL, NULL, '0.0000', 0, '0.0000', 0, 0),
(919, 96, 13, 35, '75.0000', '+', 30, 0, '0.0000', '+', 0, 0, 1, '', 1, '0.0000', '0.0000', '0.0000', '0.0000', '0.0000', NULL, NULL, '0.0000', 0, '0.0000', 0, 0),
(920, 96, 13, 34, '100.0000', '+', 40, 0, '0.0000', '+', 0, 0, 1, '', 1, '0.0000', '0.0000', '0.0000', '0.0000', '0.0000', NULL, NULL, '0.0000', 0, '0.0000', 0, 0),
(921, 96, 13, 36, '40.0000', '+', 20, 0, '0.0000', '+', 0, 0, 1, '', 1, '0.0000', '0.0000', '0.0000', '0.0000', '0.0000', NULL, NULL, '0.0000', 0, '0.0000', 0, 0),
(922, 96, 1, 26, '40.0000', '+', 40, 0, '0.0000', '+', 0, 0, 1, 'attributes/color_green.gif', 1, '0.0000', '0.0000', '0.0000', '0.0000', '0.0000', NULL, NULL, '0.0000', 0, '0.0000', 0, 0),
(923, 96, 2, 19, '40.0000', '+', 10, 0, '0.0000', '+', 0, 0, 1, '', 1, '0.0000', '0.0000', '0.0000', '0.0000', '0.0000', NULL, NULL, '0.0000', 0, '0.0000', 0, 0),
(924, 96, 13, 47, '50.0000', '+', 10, 0, '0.0000', '+', 0, 0, 1, '', 1, '0.0000', '0.0000', '0.0000', '0.0000', '0.0000', NULL, NULL, '0.0000', 0, '0.0000', 0, 0),
(925, 96, 13, 48, '0.0000', '+', 5, 0, '0.0000', '+', 0, 0, 1, '', 1, '0.0000', '0.0000', '0.0000', '0.0000', '0.0000', NULL, NULL, '0.0000', 0, '0.0000', 0, 0),
(926, 96, 15, 49, '0.0000', '+', 20, 0, '0.0000', '+', 0, 0, 1, '', 0, '0.0000', '0.0000', '0.0000', '0.0000', '0.0000', NULL, NULL, '0.0000', 0, '0.0000', 0, 0),
(927, 96, 15, 50, '0.0000', '+', 30, 0, '0.0000', '+', 0, 0, 1, '', 0, '0.0000', '0.0000', '0.0000', '0.0000', '0.0000', NULL, NULL, '0.0000', 0, '0.0000', 0, 0),
(928, 96, 15, 51, '0.0000', '+', 10, 0, '0.0000', '+', 0, 0, 1, '', 0, '0.0000', '0.0000', '0.0000', '0.0000', '0.0000', NULL, NULL, '0.0000', 0, '0.0000', 0, 0),
(929, 97, 1, 16, '100.0000', '+', 10, 0, '0.0000', '+', 0, 0, 1, 'attributes/color_red.gif', 1, '0.0000', '0.0000', '0.0000', '0.0000', '0.0000', NULL, NULL, '0.0000', 0, '0.0000', 0, 0),
(930, 97, 1, 25, '50.0000', '+', 20, 0, '0.0000', '+', 0, 0, 1, 'attributes/color_orange.gif', 1, '0.0000', '0.0000', '0.0000', '0.0000', '0.0000', NULL, NULL, '0.0000', 0, '0.0000', 0, 0),
(931, 97, 1, 17, '75.0000', '+', 30, 0, '0.0000', '+', 0, 0, 1, 'attributes/color_yellow.gif', 1, '0.0000', '0.0000', '0.0000', '0.0000', '0.0000', NULL, NULL, '0.0000', 0, '0.0000', 0, 0),
(932, 97, 2, 21, '50.0000', '+', 20, 0, '0.0000', '+', 0, 0, 1, '', 1, '0.0000', '0.0000', '0.0000', '0.0000', '0.0000', NULL, NULL, '0.0000', 0, '0.0000', 0, 0),
(933, 97, 2, 20, '100.0000', '+', 40, 0, '0.0000', '+', 0, 0, 1, '', 1, '0.0000', '0.0000', '0.0000', '0.0000', '0.0000', NULL, NULL, '0.0000', 0, '0.0000', 0, 0),
(934, 97, 2, 18, '75.0000', '+', 30, 0, '0.0000', '+', 0, 0, 1, '', 1, '0.0000', '0.0000', '0.0000', '0.0000', '0.0000', NULL, NULL, '0.0000', 0, '0.0000', 0, 0),
(935, 97, 13, 35, '75.0000', '+', 30, 0, '0.0000', '+', 0, 0, 1, '', 1, '0.0000', '0.0000', '0.0000', '0.0000', '0.0000', NULL, NULL, '0.0000', 0, '0.0000', 0, 0),
(936, 97, 13, 34, '100.0000', '+', 40, 0, '0.0000', '+', 0, 0, 1, '', 1, '0.0000', '0.0000', '0.0000', '0.0000', '0.0000', NULL, NULL, '0.0000', 0, '0.0000', 0, 0),
(937, 97, 13, 36, '40.0000', '+', 20, 0, '0.0000', '+', 0, 0, 1, '', 1, '0.0000', '0.0000', '0.0000', '0.0000', '0.0000', NULL, NULL, '0.0000', 0, '0.0000', 0, 0),
(938, 97, 1, 26, '40.0000', '+', 40, 0, '0.0000', '+', 0, 0, 1, 'attributes/color_green.gif', 1, '0.0000', '0.0000', '0.0000', '0.0000', '0.0000', NULL, NULL, '0.0000', 0, '0.0000', 0, 0),
(939, 97, 2, 19, '40.0000', '+', 10, 0, '0.0000', '+', 0, 0, 1, '', 1, '0.0000', '0.0000', '0.0000', '0.0000', '0.0000', NULL, NULL, '0.0000', 0, '0.0000', 0, 0),
(940, 97, 13, 47, '50.0000', '+', 10, 0, '0.0000', '+', 0, 0, 1, '', 1, '0.0000', '0.0000', '0.0000', '0.0000', '0.0000', NULL, NULL, '0.0000', 0, '0.0000', 0, 0),
(941, 97, 13, 48, '0.0000', '+', 5, 0, '0.0000', '+', 0, 0, 1, '', 1, '0.0000', '0.0000', '0.0000', '0.0000', '0.0000', NULL, NULL, '0.0000', 0, '0.0000', 0, 0),
(942, 97, 15, 49, '0.0000', '+', 20, 0, '0.0000', '+', 0, 0, 1, '', 0, '0.0000', '0.0000', '0.0000', '0.0000', '0.0000', NULL, NULL, '0.0000', 0, '0.0000', 0, 0),
(943, 97, 15, 50, '0.0000', '+', 30, 0, '0.0000', '+', 0, 0, 1, '', 0, '0.0000', '0.0000', '0.0000', '0.0000', '0.0000', NULL, NULL, '0.0000', 0, '0.0000', 0, 0),
(944, 97, 15, 51, '0.0000', '+', 10, 0, '0.0000', '+', 0, 0, 1, '', 0, '0.0000', '0.0000', '0.0000', '0.0000', '0.0000', NULL, NULL, '0.0000', 0, '0.0000', 0, 0),
(945, 98, 1, 16, '100.0000', '+', 10, 0, '0.0000', '+', 0, 0, 1, 'attributes/color_red.gif', 1, '0.0000', '0.0000', '0.0000', '0.0000', '0.0000', NULL, NULL, '0.0000', 0, '0.0000', 0, 0),
(946, 98, 1, 25, '50.0000', '+', 20, 0, '0.0000', '+', 0, 0, 1, 'attributes/color_orange.gif', 1, '0.0000', '0.0000', '0.0000', '0.0000', '0.0000', NULL, NULL, '0.0000', 0, '0.0000', 0, 0),
(947, 98, 1, 17, '75.0000', '+', 30, 0, '0.0000', '+', 0, 0, 1, 'attributes/color_yellow.gif', 1, '0.0000', '0.0000', '0.0000', '0.0000', '0.0000', NULL, NULL, '0.0000', 0, '0.0000', 0, 0),
(948, 98, 2, 21, '50.0000', '+', 20, 0, '0.0000', '+', 0, 0, 1, '', 1, '0.0000', '0.0000', '0.0000', '0.0000', '0.0000', NULL, NULL, '0.0000', 0, '0.0000', 0, 0),
(949, 98, 2, 20, '100.0000', '+', 40, 0, '0.0000', '+', 0, 0, 1, '', 1, '0.0000', '0.0000', '0.0000', '0.0000', '0.0000', NULL, NULL, '0.0000', 0, '0.0000', 0, 0),
(950, 98, 2, 18, '75.0000', '+', 30, 0, '0.0000', '+', 0, 0, 1, '', 1, '0.0000', '0.0000', '0.0000', '0.0000', '0.0000', NULL, NULL, '0.0000', 0, '0.0000', 0, 0),
(951, 98, 13, 35, '75.0000', '+', 30, 0, '0.0000', '+', 0, 0, 1, '', 1, '0.0000', '0.0000', '0.0000', '0.0000', '0.0000', NULL, NULL, '0.0000', 0, '0.0000', 0, 0),
(952, 98, 13, 34, '100.0000', '+', 40, 0, '0.0000', '+', 0, 0, 1, '', 1, '0.0000', '0.0000', '0.0000', '0.0000', '0.0000', NULL, NULL, '0.0000', 0, '0.0000', 0, 0),
(953, 98, 13, 36, '40.0000', '+', 20, 0, '0.0000', '+', 0, 0, 1, '', 1, '0.0000', '0.0000', '0.0000', '0.0000', '0.0000', NULL, NULL, '0.0000', 0, '0.0000', 0, 0),
(954, 98, 1, 26, '40.0000', '+', 40, 0, '0.0000', '+', 0, 0, 1, 'attributes/color_green.gif', 1, '0.0000', '0.0000', '0.0000', '0.0000', '0.0000', NULL, NULL, '0.0000', 0, '0.0000', 0, 0),
(955, 98, 2, 19, '40.0000', '+', 10, 0, '0.0000', '+', 0, 0, 1, '', 1, '0.0000', '0.0000', '0.0000', '0.0000', '0.0000', NULL, NULL, '0.0000', 0, '0.0000', 0, 0),
(956, 98, 13, 47, '50.0000', '+', 10, 0, '0.0000', '+', 0, 0, 1, '', 1, '0.0000', '0.0000', '0.0000', '0.0000', '0.0000', NULL, NULL, '0.0000', 0, '0.0000', 0, 0),
(957, 98, 13, 48, '0.0000', '+', 5, 0, '0.0000', '+', 0, 0, 1, '', 1, '0.0000', '0.0000', '0.0000', '0.0000', '0.0000', NULL, NULL, '0.0000', 0, '0.0000', 0, 0),
(958, 98, 15, 49, '0.0000', '+', 20, 0, '0.0000', '+', 0, 0, 1, '', 0, '0.0000', '0.0000', '0.0000', '0.0000', '0.0000', NULL, NULL, '0.0000', 0, '0.0000', 0, 0),
(959, 98, 15, 50, '0.0000', '+', 30, 0, '0.0000', '+', 0, 0, 1, '', 0, '0.0000', '0.0000', '0.0000', '0.0000', '0.0000', NULL, NULL, '0.0000', 0, '0.0000', 0, 0),
(960, 98, 15, 51, '0.0000', '+', 10, 0, '0.0000', '+', 0, 0, 1, '', 0, '0.0000', '0.0000', '0.0000', '0.0000', '0.0000', NULL, NULL, '0.0000', 0, '0.0000', 0, 0),
(973, 101, 2, 20, '100.0000', '+', 40, 0, '0.0000', '+', 0, 0, 1, '', 1, '0.0000', '0.0000', '0.0000', '0.0000', '0.0000', NULL, NULL, '0.0000', 0, '0.0000', 0, 0),
(974, 101, 2, 18, '75.0000', '+', 30, 0, '0.0000', '+', 0, 0, 1, '', 1, '0.0000', '0.0000', '0.0000', '0.0000', '0.0000', NULL, NULL, '0.0000', 0, '0.0000', 0, 0),
(975, 101, 13, 35, '75.0000', '+', 30, 0, '0.0000', '+', 0, 0, 1, '', 1, '0.0000', '0.0000', '0.0000', '0.0000', '0.0000', NULL, NULL, '0.0000', 0, '0.0000', 0, 0),
(976, 101, 13, 34, '100.0000', '+', 40, 0, '0.0000', '+', 0, 0, 1, '', 1, '0.0000', '0.0000', '0.0000', '0.0000', '0.0000', NULL, NULL, '0.0000', 0, '0.0000', 0, 0),
(977, 101, 13, 36, '40.0000', '+', 20, 0, '0.0000', '+', 0, 0, 1, '', 1, '0.0000', '0.0000', '0.0000', '0.0000', '0.0000', NULL, NULL, '0.0000', 0, '0.0000', 0, 0),
(978, 101, 1, 26, '40.0000', '+', 40, 0, '0.0000', '+', 0, 0, 1, 'attributes/color_green.gif', 1, '0.0000', '0.0000', '0.0000', '0.0000', '0.0000', NULL, NULL, '0.0000', 0, '0.0000', 0, 0),
(979, 101, 2, 19, '40.0000', '+', 10, 0, '0.0000', '+', 0, 0, 1, '', 1, '0.0000', '0.0000', '0.0000', '0.0000', '0.0000', NULL, NULL, '0.0000', 0, '0.0000', 0, 0),
(980, 101, 13, 47, '50.0000', '+', 10, 0, '0.0000', '+', 0, 0, 1, '', 1, '0.0000', '0.0000', '0.0000', '0.0000', '0.0000', NULL, NULL, '0.0000', 0, '0.0000', 0, 0),
(981, 101, 13, 48, '0.0000', '+', 5, 0, '0.0000', '+', 0, 0, 1, '', 1, '0.0000', '0.0000', '0.0000', '0.0000', '0.0000', NULL, NULL, '0.0000', 0, '0.0000', 0, 0),
(982, 101, 15, 49, '0.0000', '+', 20, 0, '0.0000', '+', 0, 0, 1, '', 0, '0.0000', '0.0000', '0.0000', '0.0000', '0.0000', NULL, NULL, '0.0000', 0, '0.0000', 0, 0),
(983, 101, 15, 50, '0.0000', '+', 30, 0, '0.0000', '+', 0, 0, 1, '', 0, '0.0000', '0.0000', '0.0000', '0.0000', '0.0000', NULL, NULL, '0.0000', 0, '0.0000', 0, 0),
(984, 101, 15, 51, '0.0000', '+', 10, 0, '0.0000', '+', 0, 0, 1, '', 0, '0.0000', '0.0000', '0.0000', '0.0000', '0.0000', NULL, NULL, '0.0000', 0, '0.0000', 0, 0),
(992, 110, 1, 17, '75.0000', '+', 30, 0, '0.0000', '+', 0, 0, 1, 'attributes/color_yellow.gif', 1, '0.0000', '0.0000', '0.0000', '0.0000', '0.0000', NULL, NULL, '0.0000', 0, '0.0000', 0, 0),
(993, 110, 2, 21, '50.0000', '+', 20, 0, '0.0000', '+', 0, 0, 1, '', 1, '0.0000', '0.0000', '0.0000', '0.0000', '0.0000', NULL, NULL, '0.0000', 0, '0.0000', 0, 0),
(994, 110, 2, 20, '100.0000', '+', 40, 0, '0.0000', '+', 0, 0, 1, '', 1, '0.0000', '0.0000', '0.0000', '0.0000', '0.0000', NULL, NULL, '0.0000', 0, '0.0000', 0, 0),
(995, 110, 2, 18, '75.0000', '+', 30, 0, '0.0000', '+', 0, 0, 1, '', 1, '0.0000', '0.0000', '0.0000', '0.0000', '0.0000', NULL, NULL, '0.0000', 0, '0.0000', 0, 0),
(996, 110, 13, 35, '75.0000', '+', 30, 0, '0.0000', '+', 0, 0, 1, '', 1, '0.0000', '0.0000', '0.0000', '0.0000', '0.0000', NULL, NULL, '0.0000', 0, '0.0000', 0, 0),
(997, 110, 13, 34, '100.0000', '+', 40, 0, '0.0000', '+', 0, 0, 1, '', 1, '0.0000', '0.0000', '0.0000', '0.0000', '0.0000', NULL, NULL, '0.0000', 0, '0.0000', 0, 0),
(998, 110, 13, 36, '40.0000', '+', 20, 0, '0.0000', '+', 0, 0, 1, '', 1, '0.0000', '0.0000', '0.0000', '0.0000', '0.0000', NULL, NULL, '0.0000', 0, '0.0000', 0, 0),
(999, 110, 1, 26, '40.0000', '+', 40, 0, '0.0000', '+', 0, 0, 1, 'attributes/color_green.gif', 1, '0.0000', '0.0000', '0.0000', '0.0000', '0.0000', NULL, NULL, '0.0000', 0, '0.0000', 0, 0),
(1000, 110, 2, 19, '40.0000', '+', 10, 0, '0.0000', '+', 0, 0, 1, '', 1, '0.0000', '0.0000', '0.0000', '0.0000', '0.0000', NULL, NULL, '0.0000', 0, '0.0000', 0, 0),
(1001, 110, 13, 47, '50.0000', '+', 10, 0, '0.0000', '+', 0, 0, 1, '', 1, '0.0000', '0.0000', '0.0000', '0.0000', '0.0000', NULL, NULL, '0.0000', 0, '0.0000', 0, 0),
(1002, 110, 13, 48, '0.0000', '+', 5, 0, '0.0000', '+', 0, 0, 1, '', 1, '0.0000', '0.0000', '0.0000', '0.0000', '0.0000', NULL, NULL, '0.0000', 0, '0.0000', 0, 0),
(1003, 110, 15, 49, '0.0000', '+', 20, 0, '0.0000', '+', 0, 0, 1, '', 0, '0.0000', '0.0000', '0.0000', '0.0000', '0.0000', NULL, NULL, '0.0000', 0, '0.0000', 0, 0),
(1004, 110, 15, 50, '0.0000', '+', 30, 0, '0.0000', '+', 0, 0, 1, '', 0, '0.0000', '0.0000', '0.0000', '0.0000', '0.0000', NULL, NULL, '0.0000', 0, '0.0000', 0, 0),
(1005, 110, 15, 51, '0.0000', '+', 10, 0, '0.0000', '+', 0, 0, 1, '', 0, '0.0000', '0.0000', '0.0000', '0.0000', '0.0000', NULL, NULL, '0.0000', 0, '0.0000', 0, 0),
(1006, 111, 1, 16, '100.0000', '+', 10, 0, '0.0000', '+', 0, 0, 1, 'attributes/color_red.gif', 1, '0.0000', '0.0000', '0.0000', '0.0000', '0.0000', NULL, NULL, '0.0000', 0, '0.0000', 0, 0),
(1007, 111, 1, 25, '50.0000', '+', 20, 0, '0.0000', '+', 0, 0, 1, 'attributes/color_orange.gif', 1, '0.0000', '0.0000', '0.0000', '0.0000', '0.0000', NULL, NULL, '0.0000', 0, '0.0000', 0, 0),
(1008, 111, 1, 17, '75.0000', '+', 30, 0, '0.0000', '+', 0, 0, 1, 'attributes/color_yellow.gif', 1, '0.0000', '0.0000', '0.0000', '0.0000', '0.0000', NULL, NULL, '0.0000', 0, '0.0000', 0, 0),
(1009, 111, 2, 21, '50.0000', '+', 20, 0, '0.0000', '+', 0, 0, 1, '', 1, '0.0000', '0.0000', '0.0000', '0.0000', '0.0000', NULL, NULL, '0.0000', 0, '0.0000', 0, 0),
(1010, 111, 2, 20, '100.0000', '+', 40, 0, '0.0000', '+', 0, 0, 1, '', 1, '0.0000', '0.0000', '0.0000', '0.0000', '0.0000', NULL, NULL, '0.0000', 0, '0.0000', 0, 0),
(1011, 111, 2, 18, '75.0000', '+', 30, 0, '0.0000', '+', 0, 0, 1, '', 1, '0.0000', '0.0000', '0.0000', '0.0000', '0.0000', NULL, NULL, '0.0000', 0, '0.0000', 0, 0),
(1012, 111, 13, 35, '75.0000', '+', 30, 0, '0.0000', '+', 0, 0, 1, '', 1, '0.0000', '0.0000', '0.0000', '0.0000', '0.0000', NULL, NULL, '0.0000', 0, '0.0000', 0, 0),
(1013, 111, 13, 34, '100.0000', '+', 40, 0, '0.0000', '+', 0, 0, 1, '', 1, '0.0000', '0.0000', '0.0000', '0.0000', '0.0000', NULL, NULL, '0.0000', 0, '0.0000', 0, 0),
(1014, 111, 13, 36, '40.0000', '+', 20, 0, '0.0000', '+', 0, 0, 1, '', 1, '0.0000', '0.0000', '0.0000', '0.0000', '0.0000', NULL, NULL, '0.0000', 0, '0.0000', 0, 0),
(1015, 111, 1, 26, '40.0000', '+', 40, 0, '0.0000', '+', 0, 0, 1, 'attributes/color_green.gif', 1, '0.0000', '0.0000', '0.0000', '0.0000', '0.0000', NULL, NULL, '0.0000', 0, '0.0000', 0, 0),
(1016, 111, 2, 19, '40.0000', '+', 10, 0, '0.0000', '+', 0, 0, 1, '', 1, '0.0000', '0.0000', '0.0000', '0.0000', '0.0000', NULL, NULL, '0.0000', 0, '0.0000', 0, 0),
(1017, 111, 13, 47, '50.0000', '+', 10, 0, '0.0000', '+', 0, 0, 1, '', 1, '0.0000', '0.0000', '0.0000', '0.0000', '0.0000', NULL, NULL, '0.0000', 0, '0.0000', 0, 0),
(1018, 111, 13, 48, '0.0000', '+', 5, 0, '0.0000', '+', 0, 0, 1, '', 1, '0.0000', '0.0000', '0.0000', '0.0000', '0.0000', NULL, NULL, '0.0000', 0, '0.0000', 0, 0),
(1019, 111, 15, 49, '0.0000', '+', 20, 0, '0.0000', '+', 0, 0, 1, '', 0, '0.0000', '0.0000', '0.0000', '0.0000', '0.0000', NULL, NULL, '0.0000', 0, '0.0000', 0, 0),
(1020, 111, 15, 50, '0.0000', '+', 30, 0, '0.0000', '+', 0, 0, 1, '', 0, '0.0000', '0.0000', '0.0000', '0.0000', '0.0000', NULL, NULL, '0.0000', 0, '0.0000', 0, 0),
(1021, 111, 15, 51, '0.0000', '+', 10, 0, '0.0000', '+', 0, 0, 1, '', 0, '0.0000', '0.0000', '0.0000', '0.0000', '0.0000', NULL, NULL, '0.0000', 0, '0.0000', 0, 0),
(1027, 131, 1, 16, '5.0000', '+', 10, 0, '0.0000', '+', 0, 1, 1, '', 1, '0.0000', '0.0000', '0.0000', '0.0000', '0.0000', '', '', '0.0000', 0, '0.0000', 0, 1),
(1028, 131, 1, 26, '5.0000', '+', 40, 0, '0.0000', '+', 0, 0, 1, '', 1, '0.0000', '0.0000', '0.0000', '0.0000', '0.0000', '', '', '0.0000', 0, '0.0000', 0, 1),
(1025, 131, 10, 0, '0.0000', '+', 0, 0, '0.0000', '+', 0, 0, 1, '', 1, '0.0000', '0.0000', '0.0000', '0.0000', '0.0000', '', '', '0.0500', 0, '0.0000', 0, 1),
(1029, 131, 1, 17, '5.0000', '+', 30, 0, '0.0000', '+', 0, 0, 1, '', 1, '0.0000', '0.0000', '0.0000', '0.0000', '0.0000', '', '', '0.0000', 0, '0.0000', 0, 1),
(1030, 131, 9, 0, '0.0000', '+', 0, 0, '0.0000', '+', 0, 0, 1, '', 1, '0.0000', '0.0000', '0.0000', '0.0000', '0.0000', '', '', '0.0500', 3, '0.0000', 0, 1),
(1031, 132, 16, 53, '14.4500', '+', 30, 0, '1.0000', '+', 0, 0, 1, '', 1, '0.0000', '0.0000', '0.0000', '0.0000', '0.0000', '', '', '0.0000', 0, '0.0000', 0, 0),
(1032, 132, 16, 54, '14.4500', '+', 40, 0, '1.0000', '+', 0, 0, 1, '', 1, '0.0000', '0.0000', '0.0000', '0.0000', '0.0000', '', '', '0.0000', 0, '0.0000', 0, 0),
(1033, 132, 16, 55, '14.4500', '+', 50, 0, '1.0000', '+', 0, 0, 1, '', 1, '0.0000', '0.0000', '0.0000', '0.0000', '0.0000', '', '', '0.0000', 0, '0.0000', 0, 0),
(1034, 132, 16, 56, '14.4500', '+', 60, 0, '1.0000', '+', 0, 0, 1, '', 1, '0.0000', '0.0000', '0.0000', '0.0000', '0.0000', '', '', '0.0000', 0, '0.0000', 0, 0),
(1035, 132, 16, 57, '14.4500', '+', 90, 0, '1.0000', '+', 0, 0, 1, '', 1, '0.0000', '0.0000', '0.0000', '0.0000', '0.0000', '', '', '0.0000', 0, '0.0000', 0, 0),
(1036, 132, 16, 58, '14.4500', '+', 200, 0, '1.0000', '+', 0, 0, 1, '', 1, '0.0000', '0.0000', '0.0000', '0.0000', '0.0000', '', '', '0.0000', 0, '0.0000', 0, 0),
(1037, 132, 16, 61, '14.4500', '+', 20, 0, '1.0000', '+', 0, 0, 1, '', 1, '0.0000', '0.0000', '0.0000', '0.0000', '0.0000', '', '', '0.0000', 0, '0.0000', 0, 0),
(1038, 132, 16, 59, '14.4500', '+', 70, 0, '1.0000', '+', 0, 0, 1, '', 1, '0.0000', '0.0000', '0.0000', '0.0000', '0.0000', '', '', '0.0000', 0, '0.0000', 0, 0),
(1039, 132, 16, 60, '14.4500', '+', 80, 0, '1.0000', '+', 0, 0, 1, '', 1, '0.0000', '0.0000', '0.0000', '0.0000', '0.0000', '', '', '0.0000', 0, '0.0000', 0, 0),
(1040, 133, 5, 10, '0.0000', '+', 10, 0, '0.0000', '+', 0, 1, 1, '', 1, '0.0000', '0.0000', '0.0000', '0.0000', '0.0000', '', '', '0.0000', 0, '0.0000', 0, 0),
(1041, 133, 17, 62, '0.0000', '+', 10, 0, '0.0000', '+', 0, 1, 1, '', 1, '0.0000', '0.0000', '0.0000', '0.0000', '0.0000', '', '', '0.0000', 0, '0.0000', 0, 0),
(1042, 133, 17, 63, '0.0000', '+', 20, 0, '0.0000', '+', 0, 0, 1, '', 1, '0.0000', '0.0000', '0.0000', '0.0000', '0.0000', '', '', '0.0000', 0, '0.0000', 0, 0),
(1043, 133, 5, 64, '0.0000', '+', 100, 0, '0.0000', '+', 0, 0, 1, '', 1, '0.0000', '0.0000', '0.0000', '0.0000', '0.0000', '', '', '0.0000', 0, '0.0000', 0, 0),
(1044, 133, 5, 52, '0.0000', '+', 20, 0, '0.0000', '+', 0, 0, 1, '', 1, '0.0000', '0.0000', '0.0000', '0.0000', '0.0000', '', '', '0.0000', 0, '0.0000', 0, 0),
(1045, 134, 10, 0, '0.0000', '+', 0, 0, '0.0000', '+', 0, 0, 1, '', 1, '0.0000', '0.0000', '0.0000', '0.0000', '0.0000', '', '', '0.0000', 0, '0.0200', 0, 1),
(1046, 134, 1, 16, '5.0000', '+', 10, 0, '0.0000', '+', 0, 1, 1, '', 1, '0.0000', '0.0000', '0.0000', '0.0000', '0.0000', '', '', '0.0000', 0, '0.0000', 0, 1),
(1047, 134, 1, 26, '5.0000', '+', 40, 0, '0.0000', '+', 0, 0, 1, '', 1, '0.0000', '0.0000', '0.0000', '0.0000', '0.0000', '', '', '0.0000', 0, '0.0000', 0, 1),
(1048, 134, 1, 17, '5.0000', '+', 30, 0, '0.0000', '+', 0, 0, 1, '', 1, '0.0000', '0.0000', '0.0000', '0.0000', '0.0000', '', '', '0.0000', 0, '0.0000', 0, 1),
(1049, 134, 9, 0, '0.0000', '+', 0, 0, '0.0000', '+', 0, 0, 1, '', 1, '0.0000', '0.0000', '0.0000', '0.0000', '0.0000', '', '', '0.0000', 0, '0.0200', 3, 1),
(1050, 154, 18, 65, '0.0000', '+', 10, 0, '0.2500', '+', 0, 0, 1, '', 1, '0.0000', '0.0000', '0.0000', '0.0000', '0.0000', '', '', '0.0000', 0, '0.0000', 0, 0),
(1051, 154, 18, 66, '1.5000', '+', 20, 0, '0.7500', '+', 0, 0, 1, '', 1, '0.0000', '0.0000', '0.0000', '0.0000', '0.0000', '', '', '0.0000', 0, '0.0000', 0, 0),
(1052, 155, 1, 16, '0.0000', '+', 10, 0, '0.0000', '+', 0, 1, 1, '', 1, '0.0000', '1.0000', '0.0000', '0.0000', '0.0000', '', '', '0.0000', 0, '0.0000', 0, 0),
(1053, 155, 1, 17, '0.0000', '+', 30, 0, '0.0000', '+', 0, 0, 1, '', 1, '0.0000', '2.0000', '0.0000', '0.0000', '0.0000', '', '', '0.0000', 0, '0.0000', 0, 0),
(1054, 155, 1, 26, '0.0000', '+', 40, 0, '0.0000', '+', 0, 0, 1, '', 1, '0.0000', '3.0000', '0.0000', '0.0000', '0.0000', '', '', '0.0000', 0, '0.0000', 0, 0),
(1055, 156, 1, 16, '0.0000', '+', 10, 0, '0.0000', '+', 0, 1, 1, '', 1, '0.0000', '1.0000', '1.0000', '0.0000', '0.0000', '', '', '0.0000', 0, '0.0000', 0, 0),
(1056, 156, 1, 17, '0.0000', '+', 30, 0, '0.0000', '+', 0, 0, 1, '', 1, '0.0000', '2.0000', '1.0000', '0.0000', '0.0000', '', '', '0.0000', 0, '0.0000', 0, 0),
(1057, 156, 1, 26, '0.0000', '+', 40, 0, '0.0000', '+', 0, 0, 1, '', 1, '0.0000', '3.0000', '1.0000', '0.0000', '0.0000', '', '', '0.0000', 0, '0.0000', 0, 0),
(1058, 157, 1, 16, '0.0000', '+', 10, 0, '0.0000', '+', 0, 1, 1, '', 1, '0.0000', '1.0000', '1.0000', '0.0000', '0.0000', '', '', '0.0000', 0, '0.0000', 0, 0),
(1059, 157, 1, 17, '0.0000', '+', 30, 0, '0.0000', '+', 0, 0, 1, '', 1, '0.0000', '2.0000', '1.0000', '0.0000', '0.0000', '', '', '0.0000', 0, '0.0000', 0, 0),
(1060, 157, 1, 26, '0.0000', '+', 40, 0, '0.0000', '+', 0, 0, 1, '', 1, '0.0000', '3.0000', '1.0000', '0.0000', '0.0000', '', '', '0.0000', 0, '0.0000', 0, 0),
(1061, 158, 1, 16, '0.0000', '+', 10, 0, '0.0000', '+', 0, 1, 1, '', 1, '5.0000', '0.0000', '0.0000', '0.0000', '0.0000', '', '', '0.0000', 0, '0.0000', 0, 0),
(1062, 158, 1, 17, '0.0000', '+', 30, 0, '0.0000', '+', 0, 0, 1, '', 1, '10.0000', '0.0000', '0.0000', '0.0000', '0.0000', '', '', '0.0000', 0, '0.0000', 0, 0),
(1063, 158, 1, 26, '0.0000', '+', 40, 0, '0.0000', '+', 0, 0, 1, '', 1, '15.0000', '0.0000', '0.0000', '0.0000', '0.0000', '', '', '0.0000', 0, '0.0000', 0, 0),
(1064, 159, 1, 16, '0.0000', '+', 10, 0, '0.0000', '+', 0, 1, 1, '', 1, '0.0000', '0.0000', '0.0000', '0.0000', '0.0000', '1:11,3:10.00,6:9.00,9:8.00,12:7.00,15:6.00', '', '0.0000', 0, '0.0000', 0, 0),
(1065, 159, 1, 26, '0.0000', '+', 40, 0, '0.0000', '+', 0, 0, 1, '', 1, '0.0000', '0.0000', '0.0000', '0.0000', '0.0000', '3:11.00,6:10.00,9:9.00,12:8.00,15:7.00', '', '0.0000', 0, '0.0000', 0, 0),
(1066, 159, 1, 17, '0.0000', '+', 30, 0, '0.0000', '+', 0, 0, 1, '', 1, '0.0000', '0.0000', '0.0000', '0.0000', '0.0000', '3:10.50,6:9.50,9:8.50,12:7.50,15:6.50', '', '0.0000', 0, '0.0000', 0, 0),
(1071, 160, 16, 55, '14.4500', '+', 50, 0, '1.0000', '+', 0, 0, 1, '', 1, '0.0000', '0.0000', '0.0000', '0.0000', '0.0000', '', '', '0.0000', 0, '0.0000', 0, 0),
(1070, 160, 16, 54, '14.4500', '+', 40, 0, '1.0000', '+', 0, 0, 1, '', 1, '0.0000', '0.0000', '0.0000', '0.0000', '0.0000', '', '', '0.0000', 0, '0.0000', 0, 0),
(1069, 160, 16, 53, '14.4500', '+', 30, 0, '1.0000', '+', 0, 0, 1, '', 1, '0.0000', '0.0000', '0.0000', '0.0000', '0.0000', '', '', '0.0000', 0, '0.0000', 0, 0),
(1072, 160, 16, 56, '14.4500', '+', 60, 0, '1.0000', '+', 0, 0, 1, '', 1, '0.0000', '0.0000', '0.0000', '0.0000', '0.0000', '', '', '0.0000', 0, '0.0000', 0, 0),
(1073, 160, 16, 57, '14.4500', '+', 90, 0, '1.0000', '+', 0, 0, 1, '', 1, '0.0000', '0.0000', '0.0000', '0.0000', '0.0000', '', '', '0.0000', 0, '0.0000', 0, 0),
(1074, 160, 16, 58, '14.4500', '+', 200, 0, '1.0000', '+', 0, 0, 1, '', 1, '0.0000', '0.0000', '0.0000', '0.0000', '0.0000', '', '', '0.0000', 0, '0.0000', 0, 0),
(1075, 160, 16, 61, '14.4500', '+', 20, 0, '1.0000', '+', 0, 0, 1, '', 1, '0.0000', '0.0000', '0.0000', '0.0000', '0.0000', '', '', '0.0000', 0, '0.0000', 0, 0),
(1076, 160, 16, 59, '14.4500', '+', 70, 0, '1.0000', '+', 0, 0, 1, '', 1, '0.0000', '0.0000', '0.0000', '0.0000', '0.0000', '', '', '0.0000', 0, '0.0000', 0, 0),
(1077, 160, 16, 60, '14.4500', '+', 80, 0, '1.0000', '+', 0, 0, 1, '', 1, '0.0000', '0.0000', '0.0000', '0.0000', '0.0000', '', '', '0.0000', 0, '0.0000', 0, 0),
(1090, 165, 18, 65, '0.0000', '+', 10, 0, '0.2500', '+', 0, 0, 1, '', 1, '0.0000', '0.0000', '0.0000', '0.0000', '0.0000', '', '', '0.0000', 0, '0.0000', 0, 0),
(1091, 165, 18, 66, '1.5000', '+', 20, 0, '0.7500', '+', 0, 0, 1, '', 1, '0.0000', '0.0000', '0.0000', '0.0000', '0.0000', '', '', '0.0000', 0, '0.0000', 0, 0),
(1088, 171, 17, 63, '0.0000', '+', 20, 0, '0.0000', '+', 0, 0, 1, '', 1, '0.0000', '0.0000', '0.0000', '0.0000', '0.0000', '', '', '0.0000', 0, '0.0000', 0, 0),
(1089, 171, 17, 62, '0.0000', '+', 10, 0, '0.0000', '+', 0, 0, 1, '', 1, '0.0000', '0.0000', '0.0000', '0.0000', '0.0000', '', '', '0.0000', 0, '0.0000', 0, 0),
(1092, 172, 19, 67, '0.0000', '+', 10, 0, '0.0000', '+', 0, 0, 1, '', 1, '0.0000', '0.0000', '0.0000', '0.0000', '0.0000', '', '', '0.0000', 0, '0.0000', 0, 0),
(1093, 173, 5, 10, '20.0000', '', 10, 0, '0.0000', '+', 0, 0, 0, '', 0, '0.0000', '0.0000', '0.0000', '0.0000', '0.0000', '', '', '0.0000', 0, '0.0000', 0, 0),
(1094, 173, 5, 64, '20.0000', '', 100, 0, '0.0000', '+', 0, 0, 0, '', 0, '0.0000', '0.0000', '0.0000', '0.0000', '0.0000', '', '', '0.0000', 0, '0.0000', 0, 0),
(1095, 173, 5, 68, '52.5000', '', 5, 0, '1.0000', '', 0, 0, 1, '', 1, '0.0000', '0.0000', '0.0000', '0.0000', '0.0000', '', '', '0.0000', 0, '0.0000', 0, 0),
(1096, 175, 1, 16, '100.0000', '+', 10, 0, '0.0000', '+', 0, 1, 1, '', 1, '0.0000', '0.0000', '0.0000', '0.0000', '0.0000', '', '', '0.0000', 0, '0.0000', 0, 0),
(1097, 175, 1, 26, '100.0000', '+', 40, 0, '0.0000', '+', 0, 0, 0, '', 1, '0.0000', '0.0000', '0.0000', '0.0000', '0.0000', '', '', '0.0000', 0, '0.0000', 0, 0),
(1098, 178, 1, 16, '100.0000', '+', 10, 0, '0.0000', '+', 0, 1, 1, '', 1, '0.0000', '0.0000', '0.0000', '0.0000', '0.0000', '', '', '0.0000', 0, '0.0000', 0, 0),
(1099, 178, 1, 26, '100.0000', '+', 40, 0, '0.0000', '+', 0, 0, 0, '', 1, '0.0000', '0.0000', '0.0000', '0.0000', '0.0000', '', '', '0.0000', 0, '0.0000', 0, 0),
(1100, 179, 17, 63, '0.0000', '+', 20, 0, '0.0000', '+', 0, 0, 1, '', 1, '0.0000', '0.0000', '0.0000', '0.0000', '0.0000', '', '', '0.0000', 0, '0.0000', 0, 0),
(1103, 179, 17, 62, '0.0000', '+', 10, 0, '0.0000', '+', 0, 1, 1, '', 1, '0.0000', '0.0000', '0.0000', '0.0000', '0.0000', '', '', '0.0000', 0, '0.0000', 0, 0);

#
# Dumping data for table `products_attributes_download`
#

INSERT INTO products_attributes_download (products_attributes_id, products_attributes_filename, products_attributes_maxdays, products_attributes_maxcount) VALUES (26, 'unreal.zip', 7, 3),
(1040, 'test.zip', 7, 5),
(1041, 'test2.zip', 7, 5),
(1042, 'test2.zip', 7, 5),
(1043, 'test.zip', 7, 5),
(1044, 'test.zip', 7, 5),
(1088, 'ms_word_sample.zip', 7, 5),
(1089, 'pdf_sample.zip', 7, 5),
(1093, 'test.zip', 7, 5),
(1094, 'test2.zip', 7, 5),
(1100, 'ms_word_sample.zip', 7, 5),
(1103, 'pdf_sample.zip', 7, 5);

#
# Dumping data for table `products_description`
#

INSERT INTO products_description (products_id, language_id, products_name, products_description, products_url, products_viewed) VALUES (1, 1, 'Matrox G200 MMS', 'Reinforcing its position as a multi-monitor trailblazer, Matrox Graphics Inc. has once again developed the most flexible and highly advanced solution in the industry. Introducing the new Matrox G200 Multi-Monitor Series; the first graphics card ever to support up to four DVI digital flat panel displays on a single 8&quot; PCI board.<br /><br />With continuing demand for digital flat panels in the financial workplace, the Matrox G200 MMS is the ultimate in flexible solutions. The Matrox G200 MMS also supports the new digital video interface (DVI) created by the Digital Display Working Group (DDWG) designed to ease the adoption of digital flat panels. Other configurations include composite video capture ability and onboard TV tuner, making the Matrox G200 MMS the complete solution for business needs.<br /><br />Based on the award-winning MGA-G200 graphics chip, the Matrox G200 Multi-Monitor Series provides superior 2D/3D graphics acceleration to meet the demanding needs of business applications such as real-time stock quotes (Versus), live video feeds (Reuters & Bloombergs), multiple windows applications, word processing, spreadsheets and CAD.', 'www.matrox.com/mga/products/g200_mms/home.cfm', 0),
(2, 1, 'Matrox G400 32MB', 'Dramatically Different High Performance Graphics<br /><br />Introducing the Millennium G400 Series - a dramatically different, high performance graphics experience. Armed with the industry\'s fastest graphics chip, the Millennium G400 Series takes explosive acceleration two steps further by adding unprecedented image quality, along with the most versatile display options for all your 3D, 2D and DVD applications. As the most powerful and innovative tools in your PC\'s arsenal, the Millennium G400 Series will not only change the way you see graphics, but will revolutionize the way you use your computer.<br /><br />Key features:<ul><li>New Matrox G400 256-bit DualBus graphics chip</li><li>Explosive 3D, 2D and DVD performance</li><li>DualHead Display</li><li>Superior DVD and TV output</li><li>3D Environment-Mapped Bump Mapping</li><li>Vibrant Color Quality rendering </li><li>UltraSharp DAC of up to 360 MHz</li><li>3D Rendering Array Processor</li><li>Support for 16 or 32 MB of memory</li></ul>', 'www.matrox.com/mga/products/mill_g400/home.htm', 0),
(3, 1, 'Microsoft IntelliMouse Pro', 'Every element of IntelliMouse Pro - from its unique arched shape to the texture of the rubber grip around its base - is the product of extensive customer and ergonomic research. Microsoft\'s popular wheel control, which now allows zooming and universal scrolling functions, gives IntelliMouse Pro outstanding comfort and efficiency.', 'www.microsoft.com/hardware/mouse/intellimouse.asp', 0),
(4, 1, 'The Replacement Killers', 'Regional Code: 2 (Japan, Europe, Middle East, South Africa).<br />Languages: English, Deutsch.<br />Subtitles: English, Deutsch, Spanish.<br />Audio: Dolby Surround 5.1.<br />Picture Format: 16:9 Wide-Screen.<br />Length: (approx) 80 minutes.<br />Other: Interactive Menus, Chapter Selection, Subtitles (more languages).', 'www.replacement-killers.com', 0),
(5, 1, 'Blade Runner - Director\'s Cut Linked', 'Regional Code: 2 (Japan, Europe, Middle East, South Africa).<br />Languages: English, Deutsch.<br />Subtitles: English, Deutsch, Spanish.<br />Audio: Dolby Surround 5.1.<br />Picture Format: 16:9 Wide-Screen.<br />Length: (approx) 112 minutes.<br />Other: Interactive Menus, Chapter Selection, Subtitles (more languages).', 'www.bladerunner.com', 0),
(6, 1, 'The Matrix Linked', 'Regional Code: 2 (Japan, Europe, Middle East, South Africa).\r\n<br />\r\nLanguages: English, Deutsch.\r\n<br />\r\nSubtitles: English, Deutsch.\r\n<br />\r\nAudio: Dolby Surround.\r\n<br />\r\nPicture Format: 16:9 Wide-Screen.\r\n<br />\r\nLength: (approx) 131 minutes.\r\n<br />\r\nOther: Interactive Menus, Chapter Selection, Making Of.', 'www.thematrix.com', 0),
(7, 1, 'You\'ve Got Mail Linked', 'Regional Code: 2 (Japan, Europe, Middle East, South Africa). <br />Languages: English, Deutsch, Spanish. <br />Subtitles: English, Deutsch, Spanish, French, Nordic, Polish. <br />Audio: Dolby Digital 5.1. <br />Picture Format: 16:9 Wide-Screen. <br />Length: (approx) 115 minutes. <br />Other: Interactive Menus, Chapter Selection, Subtitles (more languages).', 'www.youvegotmail.com', 0),
(8, 1, 'A Bug\'s Life Linked', 'Regional Code: 2 (Japan, Europe, Middle East, South Africa). <br />Languages: English, Deutsch. <br />Subtitles: English, Deutsch, Spanish. <br />Audio: Dolby Digital 5.1 / Dolby Surround Stereo. <br />Picture Format: 16:9 Wide-Screen. <br />Length: (approx) 91 minutes. <br />Other: Interactive Menus, Chapter Selection, Subtitles (more languages).', 'www.abugslife.com', 0),
(9, 1, 'Under Siege Linked', 'Regional Code: 2 (Japan, Europe, Middle East, South Africa). <br />Languages: English, Deutsch. <br />Subtitles: English, Deutsch, Spanish. <br />Audio: Dolby Surround 5.1. <br />Picture Format: 16:9 Wide-Screen. <br />Length: (approx) 98 minutes. <br />Other: Interactive Menus, Chapter Selection, Subtitles (more languages).', '', 0),
(10, 1, 'Under Siege 2 - Dark Territory', 'Regional Code: 2 (Japan, Europe, Middle East, South Africa).\r<br />\nLanguages: English, Deutsch.\r<br />\nSubtitles: English, Deutsch, Spanish.\r<br />\nAudio: Dolby Surround 5.1.\r<br />\nPicture Format: 16:9 Wide-Screen.\r<br />\nLength: (approx) 98 minutes.\r<br />\nOther: Interactive Menus, Chapter Selection, Subtitles (more languages).', '', 0),
(11, 1, 'Fire Down Below Linked', 'Regional Code: 2 (Japan, Europe, Middle East, South Africa).\r\n<br />\r\nLanguages: English, Deutsch.\r\n<br />\r\nSubtitles: English, Deutsch, Spanish.\r\n<br />\r\nAudio: Dolby Surround 5.1.\r\n<br />\r\nPicture Format: 16:9 Wide-Screen.\r\n<br />\r\nLength: (approx) 100 minutes.\r\n<br />\r\nOther: Interactive Menus, Chapter Selection, Subtitles (more languages).', '', 0),
(12, 1, 'Die Hard With A Vengeance Linked', 'Regional Code: 2 (Japan, Europe, Middle East, South Africa). <br />Languages: English, Deutsch. <br />Subtitles: English, Deutsch, Spanish. <br />Audio: Dolby Surround 5.1. <br />Picture Format: 16:9 Wide-Screen. <br />Length: (approx) 122 minutes. <br />Other: Interactive Menus, Chapter Selection, Subtitles (more languages).', '', 0),
(13, 1, 'Lethal Weapon Linked', 'Regional Code: 2 (Japan, Europe, Middle East, South Africa).\r\n<br />\r\nLanguages: English, Deutsch.\r\n<br />\r\nSubtitles: English, Deutsch, Spanish.\r\n<br />\r\nAudio: Dolby Surround 5.1.\r\n<br />\r\nPicture Format: 16:9 Wide-Screen.\r\n<br />\r\nLength: (approx) 100 minutes.\r\n<br />\r\nOther: Interactive Menus, Chapter Selection, Subtitles (more languages).', '', 0),
(14, 1, 'Red Corner Linked', 'Regional Code: 2 (Japan, Europe, Middle East, South Africa).\r\n<br />\r\nLanguages: English, Deutsch.\r\n<br />\r\nSubtitles: English, Deutsch, Spanish.\r\n<br />\r\nAudio: Dolby Surround 5.1.\r\n<br />\r\nPicture Format: 16:9 Wide-Screen.\r\n<br />\r\nLength: (approx) 117 minutes.\r\n<br />\r\nOther: Interactive Menus, Chapter Selection, Subtitles (more languages).', '', 0),
(15, 1, 'Frantic Linked', 'Regional Code: 2 (Japan, Europe, Middle East, South Africa).\r\n<br />\r\nLanguages: English, Deutsch.\r\n<br />\r\nSubtitles: English, Deutsch, Spanish.\r\n<br />\r\nAudio: Dolby Surround 5.1.\r\n<br />\r\nPicture Format: 16:9 Wide-Screen.\r\n<br />\r\nLength: (approx) 115 minutes.\r\n<br />\r\nOther: Interactive Menus, Chapter Selection, Subtitles (more languages).', '', 0),
(16, 1, 'Courage Under Fire Linked', 'Regional Code: 2 (Japan, Europe, Middle East, South Africa).\r\n<br />\r\nLanguages: English, Deutsch.\r\n<br />\r\nSubtitles: English, Deutsch, Spanish.\r\n<br />\r\nAudio: Dolby Surround 5.1.\r\n<br />\r\nPicture Format: 16:9 Wide-Screen.\r\n<br />\r\nLength: (approx) 112 minutes.\r\n<br />\r\nOther: Interactive Menus, Chapter Selection, Subtitles (more languages).', '', 0),
(17, 1, 'Speed Linked', 'Regional Code: 2 (Japan, Europe, Middle East, South Africa).\r\n<br />\r\nLanguages: English, Deutsch.\r\n<br />\r\nSubtitles: English, Deutsch, Spanish.\r\n<br />\r\nAudio: Dolby Surround 5.1.\r\n<br />\r\nPicture Format: 16:9 Wide-Screen.\r\n<br />\r\nLength: (approx) 112 minutes.\r\n<br />\r\nOther: Interactive Menus, Chapter Selection, Subtitles (more languages).', '', 0),
(18, 1, 'Speed 2: Cruise Control', 'Regional Code: 2 (Japan, Europe, Middle East, South Africa).\r<br />\nLanguages: English, Deutsch.\r<br />\nSubtitles: English, Deutsch, Spanish.\r<br />\nAudio: Dolby Surround 5.1.\r<br />\nPicture Format: 16:9 Wide-Screen.\r<br />\nLength: (approx) 120 minutes.\r<br />\nOther: Interactive Menus, Chapter Selection, Subtitles (more languages).', '', 0),
(19, 1, 'There\'s Something About Mary Linked', 'Regional Code: 2 (Japan, Europe, Middle East, South Africa).\r\n<br />\r\nLanguages: English, Deutsch.\r\n<br />\r\nSubtitles: English, Deutsch, Spanish.\r\n<br />\r\nAudio: Dolby Surround 5.1.\r\n<br />\r\nPicture Format: 16:9 Wide-Screen.\r\n<br />\r\nLength: (approx) 114 minutes.\r\n<br />\r\nOther: Interactive Menus, Chapter Selection, Subtitles (more languages).', '', 0),
(20, 1, 'Beloved Linked', 'Regional Code: 2 (Japan, Europe, Middle East, South Africa).\r\n<br />\r\nLanguages: English, Deutsch.\r\n<br />\r\nSubtitles: English, Deutsch, Spanish.\r\n<br />\r\nAudio: Dolby Surround 5.1.\r\n<br />\r\nPicture Format: 16:9 Wide-Screen.\r\n<br />\r\nLength: (approx) 164 minutes.\r\n<br />\r\nOther: Interactive Menus, Chapter Selection, Subtitles (more languages).', '', 0),
(21, 1, 'SWAT 3: Close Quarters Battle Linked', 'Windows 95/98<br /><br />211 in progress with shots fired. Officer down. Armed suspects with hostages. Respond Code 3! Los Angles, 2005, In the next seven days, representatives from every nation around the world will converge on Las Angles to witness the signing of the United Nations Nuclear Abolishment Treaty. The protection of these dignitaries falls on the shoulders of one organization, LAPD SWAT. As part of this elite tactical organization, you and your team have the weapons and all the training necessary to protect, to serve, and &quot;When needed&quot; to use deadly force to keep the peace. It takes more than weapons to make it through each mission. Your arsenal includes C2 charges, flashbangs, tactical grenades. opti-Wand mini-video cameras, and other devices critical to meeting your objectives and keeping your men free of injury. Uncompromised Duty, Honor and Valor!', 'www.swat3.com', 0),
(22, 1, 'Unreal Tournament Linked', 'From the creators of the best-selling Unreal, comes Unreal Tournament. A new kind of single player experience. A ruthless multiplayer revolution.<br /><br />This stand-alone game showcases completely new team-based gameplay, groundbreaking multi-faceted single player action or dynamic multi-player mayhem. It\'s a fight to the finish for the title of Unreal Grand Master in the gladiatorial arena. A single player experience like no other! Guide your team of \'bots\' (virtual teamates) against the hardest criminals in the galaxy for the ultimate title - the Unreal Grand Master.', 'www.unrealtournament.net', 0),
(23, 1, 'The Wheel Of Time Linked', 'The world in which The Wheel of Time takes place is lifted directly out of Jordan\'s pages; it\'s huge and consists of many different environments. How you navigate the world will depend largely on which game - single player or multipayer - you\'re playing. The single player experience, with a few exceptions, will see Elayna traversing the world mainly by foot (with a couple notable exceptions). In the multiplayer experience, your character will have more access to travel via Ter\'angreal, Portal Stones, and the Ways. However you move around, though, you\'ll quickly discover that means of locomotion can easily become the least of the your worries...<br /><br />During your travels, you quickly discover that four locations are crucial to your success in the game. Not surprisingly, these locations are the homes of The Wheel of Time\'s main characters. Some of these places are ripped directly from the pages of Jordan\'s books, made flesh with Legend\'s unparalleled pixel-pushing ways. Other places are specific to the game, conceived and executed with the intent of expanding this game world even further. Either way, they provide a backdrop for some of the most intense first person action and strategy you\'ll have this year.', 'www.wheeloftime.com', 0),
(24, 1, 'Disciples: Sacred Lands Linked', 'A new age is dawning...<br /><br />Enter the realm of the Sacred Lands, where the dawn of a New Age has set in motion the most momentous of wars. As the prophecies long foretold, four races now clash with swords and sorcery in a desperate bid to control the destiny of their gods. Take on the quest as a champion of the Empire, the Mountain Clans, the Legions of the Damned, or the Undead Hordes and test your faith in battles of brute force, spellbinding magic and acts of guile. Slay demons, vanquish giants and combat merciless forces of the dead and undead. But to ensure the salvation of your god, the hero within must evolve.<br /><br />The day of reckoning has come... and only the chosen will survive.', '', 0),
(25, 1, 'Microsoft Internet Keyboard PS/2', 'The Internet Keyboard has 10 Hot Keys on a comfortable standard keyboard design that also includes a detachable palm rest. The Hot Keys allow you to browse the web, or check e-mail directly from your keyboard. The IntelliType Pro software also allows you to customize your hot keys - make the Internet Keyboard work the way you want it to!', '', 0),
(26, 1, 'Microsoft IntelliMouse Explorer', 'Microsoft introduces its most advanced mouse, the IntelliMouse Explorer! IntelliMouse Explorer features a sleek design, an industrial-silver finish, a glowing red underside and taillight, creating a style and look unlike any other mouse. IntelliMouse Explorer combines the accuracy and reliability of Microsoft IntelliEye optical tracking technology, the convenience of two new customizable function buttons, the efficiency of the scrolling wheel and the comfort of expert ergonomic design. All these great features make this the best mouse for the PC!', 'www.microsoft.com/hardware/mouse/explorer.asp', 0),
(27, 1, 'Hewlett Packard LaserJet 1100Xi Linked', 'HP has always set the pace in laser printing technology. The new generation HP LaserJet 1100 series sets another impressive pace, delivering a stunning 8 pages per minute print speed. The 600 dpi print resolution with HP\'s Resolution Enhancement technology (REt) makes every document more professional.<br /><br />Enhanced print speed and laser quality results are just the beginning. With 2MB standard memory, HP LaserJet 1100xi users will be able to print increasingly complex pages. Memory can be increased to 18MB to tackle even more complex documents with ease. The HP LaserJet 1100xi supports key operating systems including Windows 3.1, 3.11, 95, 98, NT 4.0, OS/2 and DOS. Network compatibility available via the optional HP JetDirect External Print Servers.<br /><br />HP LaserJet 1100xi also features The Document Builder for the Web Era from Trellix Corp. (featuring software to create Web documents).', 'www.pandi.hp.com/pandi-db/prodinfo.main?product=laserjet1100', 0),
(28, 1, 'Gift Certificate $  5.00', 'Purchase a Gift Certificate today to share with your family, friends or business associates!', '', 0),
(29, 1, 'Gift Certificate $ 10.00', 'Purchase a Gift Certificate today to share with your family, friends or business associates!', '', 0),
(30, 1, 'Gift Certificate $ 25.00', 'Purchase a Gift Certificate today to share with your family, friends or business associates!', '', 0),
(31, 1, 'Gift Certificate $ 50.00', 'Purchase a Gift Certificate today to share with your family, friends or business associates!', '', 0),
(32, 1, 'Gift Certificate $100.00', 'Purchase a Gift Certificate today to share with your family, friends or business associates!', '', 0),
(34, 1, 'A Bug\'s Life "Multi Pak" Special 2003 Collectors Edition', 'A Bug\'s Life "Multi Pak" Special 2003 Collectors Edition\r\n<br />\r\nRegional Code: 2 (Japan, Europe, Middle East, South Africa).\r\n<br />\r\nLanguages: English, Deutsch.\r\n<br />\r\nSubtitles: English, Deutsch, Spanish.\r\n<br />\r\nAudio: Dolby Digital 5.1 / Dolby Surround Stereo.\r\n<br />\r\nPicture Format: 16:9 Wide-Screen.\r\n<br />\r\nLength: (approx) 91 minutes.\r\n<br />\r\nOther: Interactive Menus, Chapter Selection, Subtitles (more languages).', 'www.abugslife.com', 0),
(36, 1, 'Hewlett Packard - by attributes SALE', 'The Product Price is set to 0.00\r\n<br /><br />\r\n\r\nThe Product Priced by Attributes is set to YES\r\n<br /><br />\r\n\r\nThe attribute prices are defined without the price prefix of +\r\n<br /><br />\r\n\r\nThe Display Price is made up of the lowest attribute price from each Option Name group.\r\n<br /><br />\r\n\r\nIf there had been a Product Price, this would have been added together to the lowest attributes price from each of the Option Name groups to make up the display price.\r\n<br /><br />\r\n\r\nThe price prefix of the + is not used as we are not "adding" to the display price.\r\n<br /><br />\r\n\r\nThe Colors attributes are set for the discount to be applied, their prices before the discount are:<br />\r\nWhite $499.99<br />\r\nBlack $519.00<br />\r\nBlue $539.00<br />', 'www.pandi.hp.com/pandi-db/prodinfo.main?product=laserjet1100', 0),
(57, 1, 'A Free Product - All', 'This is a free product where there are no prices at all.\r\n<br /><br />\r\n\r\nThe Always Free Shipping is also turned ON.\r\n<br /><br />\r\n\r\nIf this is bought separately, the Zen Cart Free Charge payment module will show if there is no charges on shipping.\r\n<br /><br />\r\n\r\nIf other products are purchased with a price or shipping charge, then the Zen Cart Free Charge payment module will not show and the shipping will be applied accordingly.', '', 0),
(101, 1, 'TEST $120 Sale 10% Special off', 'Product is Priced by Attributes.\r\n<br /><br />\r\n\r\nAttribute Option Group: Color and Size are used for pricing by marking these as Included in Base Price.\r\n<br /><br />\r\n\r\nGift Options has everything marked included in base price also, but because None is set to $0.00 that groups lowest price is $0.00 so it is not affecting the Base Price.\r\n<br /><br />\r\n\r\nIf None was not part of this group and you did not want to include those prices, you would mark all of the Gift Option Attributes to NOT be included in the Base Price.\r\n<br /><br />\r\n\r\nProduct Product is $0.00\r\n<br /><br />\r\n\r\nSpecial does not exist\r\n<br /><br />\r\nSale Price is 10%\r\n<br /><br />\r\n\r\nAttributes:<br />\r\nColor:<br />\r\n- Red $100.00<br />\r\n- Orange $50.00<br />\r\n- Yellow $75\r\n<br /><br />\r\n\r\nSize:<br />\r\nSelect from Below:<br />\r\nSmall $50.00<br />\r\nMedium $75.00<br />\r\nLarge $100.00\r\n<br /><br />\r\n\r\nGift Options:<br />\r\n- Dated Collector\'s Tin $50.00<br />\r\n- Autographed Memorabila Card $75.00<br />\r\n- Wrapping $100.00\r\n<br /><br />\r\n\r\nNOTE: Select from below is defined as a Display Only Attribute and NOT to be included in the base price. \r\n<br /><br />\r\nThe Display Only means, the customer may NOT select this option value. If they do not selected another option value, then the product cannot be added to the shopping cart.\r\n<br /><br />\r\nThe NOT included in base price means, if this product were priced by attributes, it would not be include. The reason for this is so that the lowest price of this group will be the Small at $50.00 and not Select from Below at $0.00\r\n<br /><br />', '', 0),
(100, 1, 'Hewlett Packard - by attributes SALE with Special', 'The Product Price is set to 0.00\r\n<br /><br />\r\n\r\nThe Product Priced by Attributes is set to YES\r\n<br /><br />\r\n\r\nThe attribute prices are defined without the price prefix of +\r\n<br /><br />\r\n\r\nThe Display Price is made up of the lowest attribute price from each Option Name group.\r\n<br /><br />\r\n\r\nIf there had been a Product Price, this would have been added together to the lowest attributes price from each of the Option Name groups to make up the display price.\r\n<br /><br />\r\n\r\nThe price prefix of the + is not used as we are not "adding" to the display price.\r\n<br /><br />\r\n\r\nThe Colors attributes are set for the discount to be applied, their prices before the discount are:<br />\r\nWhite $499.99<br />\r\nBlack $519.00<br />\r\nBlue $539.00<br />', 'www.pandi.hp.com/pandi-db/prodinfo.main?product=laserjet1100', 0),
(39, 1, 'A Free Product', 'This is a free product that is also on special.\r\n<br /><br />\r\n\r\nThis should show as having a price, special price but then be free.\r\n<br /><br />\r\n\r\nWhile this is a FREE product, this does have Shipping.', '', 0),
(40, 1, 'A Call for Price Product', 'This is a Call for Price product that is also on special.\r\n<br />\r\n\r\nThis should show as having a price, special price but then be Call for Price. This means you cannot buy it.\r\n<br />', '', 0),
(41, 1, 'A Call for Price Product SALE', 'This is a Call for Price product that is also on special and has a Sale price via Sale Maker.\r\n<br /><br />\r\n\r\nThis should show as having a price, special price but then be Call for Price. This means you cannot buy it.\r\n<br /><br />\r\n\r\nThe Add to Cart buttons automatically change to Call for Price, which is defined as: TEXT_CALL_FOR_PRICE\r\n<br /><br />\r\n\r\nThis link will take the customer to the Contact Us page.\r\n<br /><br />', '', 0),
(42, 1, 'A Free Product - SALE', 'This is a free product that is also on special.\r\n<br />\r\n\r\nThis should show as having a price, special price but then be free.\r\n<br />', '', 0),
(43, 1, 'A Free Product with Attributes', 'This is a free product that is also on special.\r\n<br /><br />\r\n\r\nThis should show as having a price, special price but then be free.\r\n<br /><br />\r\n\r\nAttributes can be added that can optionally be set to free or not free\r\n<br /><br />\r\n\r\nThe Color Red attribute is priced at $5.00 but marked as a Free Attribute when the Product is Free\r\n<br /><br />\r\n\r\nThe Size Medium attribute is priced at $1.00 but marked as a Free Attribute when Product is Free', '', 0),
(44, 1, 'A Mixed OFF Product with Attributes', 'This product has attributes and a minimum qty and units.\r\n<br /><br />\r\n\r\nMixed is OFF this means you CANNOT mix attributes to make the minimums and units.\r\n<br /><br />\r\n\r\nThe Size Option Value: Select from Below ... is a Display Only Attribute. \r\n<br /><br />\r\n\r\nThis means that the product cannot be added to the Shopping Cart if that Option Value is selected. If it is still selected, then an error is triggered when the Add to Cart is pressed with a warning to the customer on what the error is.\r\n<br /><br />\r\n\r\nNo checkout is allowed when errors exist.', '', 0),
(46, 1, 'A Mixed ON Product with Attributes', 'This product has attributes and a minimum qty and units.\r\n<br /><br />\r\n\r\nMixed is ON this means you CAN mix attributes to make the minimums and units.\r\n<br /><br />\r\n\r\nSelect from Below is a Display Only Attribute. This means that it cannot be added to the cart. If it is, then an error is triggered.\r\n<br /><br />\r\n\r\nNo checkout is allowed when errors exist.', '', 0),
(47, 1, 'Gift Certificates by attributes', 'Priced by Attributes Gift Certificates.', '', 0),
(48, 1, 'Test 1', 'This is a test product for copying and deleting attributes.\r\n<br /><br />\r\nAll of the images for this product are in the main /images directory and /large directory.\r\n<br /><br />\r\nThe main products_image is called 1_small.jpg\r\n<br /><br />\r\nThere are additional images for this product that will auto load located in /images called:<br />\r\n1_small_01.jpg<br />\r\n1_small_02.jpg<br />\r\n1_small_03.jpg<br />\r\n<br />\r\nThe large additional images are in /images/large called:<br />\r\n1_small_01_LRG.jpg<br />\r\n1_small_02_LRG.jpg<br />\r\n1_small_03_LRG.jpg<br />\r\n\r\n<br /><br />\r\n\r\nThe naming conventions for the additional images do not require that they be numeric. Using the numberic system helps establish the sort order of the images and how they will display.\r\n<br /><br />\r\n\r\nWhat is important is that all the additional images be located in the same directory and start with the same name: 1_small and end in the same extenion: .jpg\r\n<br /><br />\r\n\r\nThe additional large images need to be located in the /large directory and use the same name plus the Large image suffix, defined in the Admin ... Images ... in this case _LRG\r\n<br /><br />', '', 0),
(49, 1, 'Test 2', 'This is a test product for copying and deleting attributes.\r\n<br /><br />\r\n\r\nThis was made using the Attributes Copy to Product in the new Admin ... Catalog ... Attributes Controller ... and copying the Attributes from the Test 1 product to Test 2.\r\n<br /><br />\r\n\r\nThis product does not have any additional images.\r\n<br /><br />\r\n\r\nIt does have a Large image located in /large\r\n<br /><br />\r\n\r\nThis uses the same name: 2_small plus the large image suffix _LRG plus the matching extension .jpg to give the new name: /images/large/2_small_LRG.jpg\r\n<br /><br />', '', 0),
(50, 1, 'Test 3', 'This is a test product for copying and deleting attributes.\r\n<br /><br />\r\n\r\nThis was made using the Attributes Copy to Product in the new Admin ... Catalog ... Attributes Controller ... and copying the attributes from the Test 2 product to Test 3.\r\n<br /><br />\r\n\r\nThis product does not have any additional images.\r\n<br /><br />\r\n\r\nIt does NOT have a Large image located in /large\r\n<br /><br />\r\n\r\nThis means that when you click on the image for enlarge, unless the original image is larger than the small image settings you will see the same image in the popup.\r\n<br /><br />', '', 0),
(51, 1, 'Free Ship & Payment Virtual weight 10', 'Free Shipping and Payment\r\n<br /><br />\r\n\r\nThe Price is set to 25.00 ... but what makes it Free is that this product has been marked as:\r\n<br />\r\nProduct is Free: Yes\r\n<br /><br />\r\n\r\nThis would allow the product to be listed with a price, but the actual charge is $0.00\r\n<br /><br />\r\n\r\nThe weight is set to 10 but could be set to 0. What really makes it truely Free Shipping is that it has been marked to be Always Free Shipping.\r\n<br /><br />\r\n\r\nAlways Free shipping is set to: Yes<br />\r\nThis will not charge for shipping, but requres a shipping address.\r\n<br /><br />\r\n\r\nBecause there is no shipping and the price is 0, the Zen Cart Free Charge comes up for the payment module and the other payment modules vanish.\r\n<br /><br />\r\n\r\nYou can change the text on the Zen Cart Free Charge module to read as you would prefer.\r\n<br /><br />\r\n\r\nNote: if you add products that incur a charge or shipping charge, then the Zen Cart Free Charge payment module will vanish and the regular payment modules will show.', '', 0),
(52, 1, 'Free Ship & Payment Virtual', 'Product Price is set to 0\r\n<br /><br />\r\n\r\nPayment weight is set to 2 ...\r\n<br /><br />\r\n\r\nVirtual is ON ... this will skip shipping address\r\n<br /><br />', '', 0),
(53, 1, 'Min and Units MIX', 'This product is purchased based on minimums and units.\r\n<br /><br />\r\n\r\nThe Min is set to 6 and the units is set to 3\r\n<br /><br />\r\n\r\nQuantity Minimums and Units are designed to more or less force the customer to make purchases of a Minimum Quantity ... and if need be, in Units.\r\n<br /><br />\r\n\r\nThis product can only be purchased if you buy at least 6 ... and after that in units of 3 ... 9, 12, 15, 18, etc.\r\n<br /><br />\r\n\r\nIf you do not purchase it in the right Quantity, you will not be able to checkout.\r\n<br /><br />\r\n\r\nWhen adding to the cart, the quantity box on the product_info page is "smart". It will adjust itself based on what is in the cart.\r\n<br /><br />\r\n\r\nThe Add to Cart buttons are also smart on New Products and Product Listing ... these also will adjust what is added to the cart.\r\n<br /><br />\r\n\r\nFor example: If there is 1 in the cart, the next use of Add to Cart will add 5 more to make the Minimum of 6. Add again and 3 more will be added to keep the Units correct.\r\n<br /><br />\r\n\r\nProduct Quantity Min/Unit Mix is for when a product has attributes.\r\n<br /><br />\r\n\r\nIf Mix is ON then a mix of attributes options may be used to make up the Quantity Minimum and Units. This means you can mix 1 blue, 3 silver and 2 green to get 6.\r\n<br /><br />\r\n\r\nIf the Mix is OFF then you may not mix 2 blue, 2 silver and 2 green to get 6.\r\n<br /><br />\r\n\r\nThis product has the Product Qty Min/Unit Mix set to ON', '', 0),
(54, 1, 'Min and Units NOMIX', 'This product is purchased based on minimums and units.\r\n<br /><br />\r\n\r\nThe Min is set to 6 and the units is set to 3\r\n<br /><br />\r\n\r\nQuantity Minimums and Units are designed to more or less force the customer to make purchases of a Minimum Quantity ... and if need be, in Units.\r\n<br /><br />\r\n\r\nThis product can only be purchased if you buy at least 6 ... and after that in units of 3 ... 9, 12, 15, 18, etc.\r\n<br /><br />\r\n\r\nIf you do not purchase it in the right Quantity, you will not be able to checkout.\r\n<br /><br />\r\n\r\nWhen adding to the cart, the quantity box on the product_info page is "smart". It will adjust itself based on what is in the cart.\r\n<br /><br />\r\n\r\nThe Add to Cart buttons are also smart on New Products and Product Listing ... these also will adjust what is added to the cart.\r\n<br /><br />\r\n\r\nFor example: If there is 1 in the cart, the next use of Add to Cart will add 5 more to make the Minimum of 6. Add again and 3 more will be added to keep the Units correct.\r\n<br /><br />\r\n\r\nProduct Quantity Min/Unit Mix is for when a product has attributes.\r\n<br /><br />\r\n\r\nIf Mix is ON then a mix of attributes options may be used to make up the Quantity Minimum and Units. This means you can mix 1 blue, 3 silver and 2 green to get 6.\r\n<br /><br />\r\n\r\nIf the Mix is OFF then you may not mix 2 blue, 2 silver and 2 green to get 6.\r\n<br /><br />\r\n\r\nThis product has the Product Qty Min/Unit Mix set to OFF', '', 0),
(55, 1, 'Min and Units MIX - Sale', 'This product is purchased based on minimums and units.\r\n<br /><br />\r\n\r\nThe Min is set to 6 and the units is set to 3\r\n<br /><br />\r\n\r\nQuantity Minimums and Units are designed to more or less force the customer to make purchases of a Minimum Quantity ... and if need be, in Units.\r\n<br /><br />\r\n\r\nThis product can only be purchased if you buy at least 6 ... and after that in units of 3 ... 9, 12, 15, 18, etc.\r\n<br /><br />\r\n\r\nIf you do not purchase it in the right Quantity, you will not be able to checkout.\r\n<br /><br />\r\n\r\nWhen adding to the cart, the quantity box on the product_info page is "smart". It will adjust itself based on what is in the cart.\r\n<br /><br />\r\n\r\nThe Add to Cart buttons are also smart on New Products and Product Listing ... these also will adjust what is added to the cart.\r\n<br /><br />\r\n\r\nFor example: If there is 1 in the cart, the next use of Add to Cart will add 5 more to make the Minimum of 6. Add again and 3 more will be added to keep the Units correct.\r\n<br /><br />\r\n\r\nProduct Quantity Min/Unit Mix is for when a product has attributes.\r\n<br /><br />\r\n\r\nIf Mix is ON then a mix of attributes options may be used to make up the Quantity Minimum and Units. This means you can mix 1 blue, 3 silver and 2 green to get 6.\r\n<br /><br />\r\n\r\nIf the Mix is OFF then you may not mix 2 blue, 2 silver and 2 green to get 6.\r\n<br /><br />\r\n\r\nThis product has the Product Qty Min/Unit Mix set to ON\r\n<br /><br />\r\n\r\nThis product has been placed on Sale via Sale Maker', '', 0),
(56, 1, 'Min and Units NOMIX - Sale', 'This product is purchased based on minimums and units.\r\n<br /><br />\r\n\r\nThe Min is set to 6 and the units is set to 3\r\n<br /><br />\r\n\r\nQuantity Minimums and Units are designed to more or less force the customer to make purchases of a Minimum Quantity ... and if need be, in Units.\r\n<br /><br />\r\n\r\nThis product can only be purchased if you buy at least 6 ... and after that in units of 3 ... 9, 12, 15, 18, etc.\r\n<br /><br />\r\n\r\nIf you do not purchase it in the right Quantity, you will not be able to checkout.\r\n<br /><br />\r\n\r\nWhen adding to the cart, the quantity box on the product_info page is "smart". It will adjust itself based on what is in the cart.\r\n<br /><br />\r\n\r\nThe Add to Cart buttons are also smart on New Products and Product Listing ... these also will adjust what is added to the cart.\r\n<br /><br />\r\n\r\nFor example: If there is 1 in the cart, the next use of Add to Cart will add 5 more to make the Minimum of 6. Add again and 3 more will be added to keep the Units correct.\r\n<br /><br />\r\n\r\nProduct Quantity Min/Unit Mix is for when a product has attributes.\r\n<br /><br />\r\n\r\nIf Mix is ON then a mix of attributes options may be used to make up the Quantity Minimum and Units. This means you can mix 1 blue, 3 silver and 2 green to get 6.\r\n<br /><br />\r\n\r\nIf the Mix is OFF then you may not mix 2 blue, 2 silver and 2 green to get 6.\r\n<br /><br />\r\n\r\nThis product has the Product Qty Min/Unit Mix set to OFF\r\n<br /><br />\r\n\r\nThis product has been put on Sale via Sale Maker.', '', 0),
(59, 1, 'Hewlett Packard - by attributes', 'The Product Price is set to 0.00\r\n<br /><br />\r\n\r\nThe Product Priced by Attributes is set to YES\r\n<br /><br />\r\n\r\nThe attribute prices are defined without the price prefix of +\r\n<br /><br />\r\n\r\nThe Display Price is made up of the lowest attribute price from each Option Name group.\r\n<br /><br />\r\n\r\nIf there had been a Product Price, this would have been added together to the lowest attributes price from each of the Option Name groups to make up the display price.\r\n<br /><br />\r\n\r\nThe price prefix of the + is not used as we are not "adding" to the display price.\r\n<br /><br />', 'www.pandi.hp.com/pandi-db/prodinfo.main?product=laserjet1100', 0),
(60, 1, 'Hewlett Packard - Sale with Attributes on Sale', 'The Product Price is set to 499.75\r\n<br /><br />\r\n\r\nA Sale Maker Discount of 10% is applied.\r\n<br /><br />\r\n\r\nThe attribute are marked to be discounted also.\r\n<br /><br />\r\n\r\nPrior to the discount being applied:<br />\r\nBlue +$20.00<br />\r\nBlack +$10.00<br />\r\nWhite $0.00\r\n<br /><br />\r\n\r\n4 meg +$50.00<br />\r\n8 meg +$75.00<br />\r\n16 meg +$100.00\r\n<br /><br />', 'www.pandi.hp.com/pandi-db/prodinfo.main?product=laserjet1100', 0),
(61, 1, 'Hewlett Packard - Sale with Attributes NOT on Sale', 'The Product Price is set to 499.75\r\n<br /><br />\r\n\r\nA Sale Maker Discount of 10% is applied.\r\n<br /><br />\r\n\r\nThe attribute are marked NOT to be discounted.\r\n<br /><br />\r\n\r\nPrior to the discount being applied:<br />\r\nBlue +$20.00<br />\r\nBlack +$10.00<br />\r\nWhite $0.00\r\n<br /><br />\r\n\r\n4 meg +$50.00<br />\r\n8 meg +$75.00<br />\r\n16 meg +$100.00\r\n<br /><br />', 'www.pandi.hp.com/pandi-db/prodinfo.main?product=laserjet1100', 0),
(111, 1, 'TEST $120 Special $90.00 Sale -$5.00 Skip', 'Product is $120\r\n<br /><br />\r\n\r\nSpecial $90.00 or 25% - Specials are Skipped\r\n<br /><br />\r\n\r\nSale is -$5.00\r\n<br /><br />\r\n\r\n\r\nAttributes:<br />\r\nColor:<br />\r\n- Red $100.00<br />\r\n- Orange $50.00<br />\r\n- Yellow $75\r\n<br /><br />\r\n\r\nSize:<br />\r\nSelect from Below:<br />\r\nSmall $50.00<br />\r\nMedium $75.00<br />\r\nLarge $100.00\r\n<br /><br />\r\n\r\nGift Options:<br />\r\n- Dated Collector\'s Tin $50.00<br />\r\n- Autographed Memorabila Card $75.00<br />\r\n- Wrapping $100.00\r\n<br /><br />\r\n\r\nNOTE: Select from below is defined as a Display Only Attribute and NOT to be included in the base price. \r\n<br /><br />\r\nThe Display Only means, the customer may NOT select this option value. If they do not selected another option value, then the product cannot be added to the shopping cart.\r\n<br /><br />\r\nThe NOT included in base price means, if this product were priced by attributes, it would not be include. The reason for this is so that the lowest price of this group will be the Small at $50.00 and not Select from Below at $0.00\r\n<br /><br />', '', 0),
(110, 1, 'TEST $120 Sale -$5.00 Skip', 'Product is $120\r\n<br /><br />\r\nSale is -$5.00\r\n<br /><br />\r\nSpecials are skipped\r\n<br /><br />\r\n\r\nAttributes:<br />\r\nColor:<br />\r\n- Red $100.00<br />\r\n- Orange $50.00<br />\r\n- Yellow $75\r\n<br /><br />\r\n\r\nSize:<br />\r\nSelect from Below:<br />\r\nSmall $50.00<br />\r\nMedium $75.00<br />\r\nLarge $100.00\r\n<br /><br />\r\n\r\nGift Options:<br />\r\n- Dated Collector\'s Tin $50.00<br />\r\n- Autographed Memorabila Card $75.00<br />\r\n- Wrapping $100.00\r\n<br /><br />\r\n\r\nNOTE: Select from below is defined as a Display Only Attribute and NOT to be included in the base price. \r\n<br /><br />\r\nThe Display Only means, the customer may NOT select this option value. If they do not selected another option value, then the product cannot be added to the shopping cart.\r\n<br /><br />\r\nThe NOT included in base price means, if this product were priced by attributes, it would not be include. The reason for this is so that the lowest price of this group will be the Small at $50.00 and not Select from Below at $0.00\r\n<br /><br />', '', 0),
(109, 1, 'Hide Quantity Box Methods', 'This product does not show the Quantity Box when Adding to the Shopping Cart.\r\n<br /><br />\r\n\r\nWhile Quantity Box Shows is set to YES, the Product Qty Max has been set to 1\r\n\r\nThis will add only 1 to the Shopping Cart when Add to Cart is hit.\r\n<br /><br />\r\n\r\nThe reason for this is that this is a download. As a download, there is never a reason to allow more than quantity 1 to be ordered.\r\n<br /><br />\r\n\r\nNOTE: If using Quantity Box Shows set to NO, unless Qty Max is also set to 1 then each time the Add to Cart is clicked the current cart quantity is updated by 1. If Qty Max is set to 1 then no more than 1 will be able to be added to the Shopping Cart per order.\r\n<br /><br />\r\n\r\nTwo methods are available to trigger the Hide Quantity Box.\r\n<br /><br />\r\n\r\nMethod 1: Set Quantity Box Shows to NO\r\n<br /><br />\r\n\r\nMethod 2: Set Qty Maximum to 1\r\n<br /><br />\r\n\r\nIn either case, you will only be able to add qty 1 to the shopping cart and the quantity box will not show.\r\n<br /><br />', '', 0),
(133, 1, 'Multiple Downloads', '<p>This product is set up to have multiple downloads.</p><p>The Product Price is $49.99</p><p>The attributes are setup with two Option Names, one for each download to allow for two downloads at the same time.</p><p>The first Download is listed under:</p><p>Option Name: Version<br />Option Value: Download Windows - English<br />Option Value: Download Windows - Spanish<br />Option Value: DownloadMAC - English<br /></p><p>The second Download is listed under:</p><p>Option Name: Documentation<br />Option Value: PDF - English<br />Option Value:MS Word- English</p>', '', 0),
(134, 1, 'Per letter - required', '<p>Product is priced by attribute</p><p>The Option Name Line 1 is setup as Text</p><p>The attribute is added to the product as Required</p><p>The pricing is $0.02 per letter</p><p>The Option Name Line2 is setup as Text</p><p>The attribute is added to the product as Required</p><p>The pricing is $0.02 per letter with 3 letters free</p><p>The Colors are set up as radio buttons and Red is the Default.</p>', '', 0),
(74, 1, 'Hewlett Packard - by attributes with Special% no SALE', 'The Product Price is set to 0.00 Special is set to 20%\r\n<br /><br />\r\n\r\nThe Product Priced by Attributes is set to YES\r\n<br /><br />\r\n\r\nThe attribute prices are defined without the price prefix of +\r\n<br /><br />\r\n\r\nThe Display Price is made up of the lowest attribute price from each Option Name group.\r\n<br /><br />\r\n\r\nIf there had been a Product Price, this would have been added together to the lowest attributes price from each of the Option Name groups to make up the display price.\r\n<br /><br />\r\n\r\nThe price prefix of the + is not used as we are not "adding" to the display price.\r\n<br /><br />\r\n\r\nThe Colors attributes are, their prices before the Special discount is applied:<br />\r\nWhite $499.99<br />\r\nBlack $519.00<br />\r\nBlue $539.00\r\n<br /><br />\r\n\r\nThe Specials Price is a flat $100 discount. This $100 discount is applied to all attributes marked attributes_discounted Yes.', 'www.pandi.hp.com/pandi-db/prodinfo.main?product=laserjet1100', 0),
(130, 1, 'Special Product', '<p>This is a Special product priced at $15 with a $10 Special</p><p>There are quantity discounts setup which will be discounted from the Special Price.</p><p>Discounts are added on the Products Price Manager.</p>', '', 0),
(131, 1, 'Per word - required', '<p>Product is priced by attribute</p><p>The Option Name Line 1 is setup as Text</p><p>The attribute is added to the product as Required</p><p>The pricing is $0.05 per word</p><p>The Option Name Line2 is setup as Text</p><p>The attribute is added to the product as Required</p><p>The pricing is $0.05 per word with 3 words Free</p><p>The Colors are set up as radio buttons and Red is the Default.</p>', '', 0),
(132, 1, 'Golf Clubs', '<p>Products Price is set to 0 and Products Weight is set to 1</p><p>This is marked Price by Attributes</p><p>This is priced by attribute at 14.45 per club with an added weight of 1 on the attributes.</p><p>This will make the shipping weight 1lb for the product plus 1lb for each attribute (club) added.</p><p>The attributes are sorted so the clubs read in order on the Product Info, Shopping Cart, Order, Email and Account History.</p>', '', 0),
(85, 1, 'TEST $120 Special $90', 'Product is $120\r\n<br /><br />\r\n\r\nThere is a $90.00 or 25% Special and no sale on this product.\r\n<br /><br />\r\n\r\n\r\nAttributes:<br />\r\nColor:<br />\r\n- Red $100.00<br />\r\n- Orange $50.00<br />\r\n- Yellow $75\r\n<br /><br />\r\n\r\nSize:<br />\r\nSelect from Below:<br />\r\nSmall $50.00<br />\r\nMedium $75.00<br />\r\nLarge $100.00\r\n<br /><br />\r\n\r\nGift Options:<br />\r\n- Dated Collector\'s Tin $50.00<br />\r\n- Autographed Memorabila Card $75.00<br />\r\n- Wrapping $100.00\r\n<br /><br />\r\n\r\nNOTE: Select from below is defined as a Display Only Attribute and NOT to be included in the base price. \r\n<br /><br />\r\nThe Display Only means, the customer may NOT select this option value. If they do not selected another option value, then the product cannot be added to the shopping cart.\r\n<br /><br />\r\nThe NOT included in base price means, if this product were priced by attributes, it would not be include. The reason for this is so that the lowest price of this group will be the Small at $50.00 and not Select from Below at $0.00\r\n<br /><br />', '', 0),
(78, 1, 'TEST 25% special 10% Sale Attribute Priced', 'Priced by Attributes - Product price is set to $0.00\r\n<br /><br />\r\nAll attributes are marked to make the price.\r\n\r\n<br /><br />\r\nProduct is $0\r\n<br /><br />\r\nSpecial is 25%\r\n<br /><br />\r\nSale is 10%\r\n<br /><br />', '', 0),
(79, 1, 'TEST 25% Special Attribute Priced', 'Priced by Attributes - Product price is set to $0.00\r\n<br /><br />\r\nAll attributes are marked to make the price.\r\n\r\n<br /><br />\r\nProduct is $0\r\n<br /><br />\r\nSpecial is 25%\r\n<br /><br />', '', 0),
(80, 1, 'TEST 25% Special', 'Product is $100.00\r\n<br /><br />\r\nSpecial is 25%\r\n<br /><br />', '', 0),
(84, 1, 'TEST $120', 'Product is $120\r\n<br /><br />\r\n\r\nThere is no special and no sale on this product.\r\n<br /><br />\r\n\r\nAttributes:<br />\r\nColor:<br />\r\n- Red $100.00<br />\r\n- Orange $50.00<br />\r\n- Yellow $75<br />\r\n- Green $40\r\n<br /><br />\r\n\r\nSize:<br />\r\nSelect from Below:<br />\r\nX-Small $40.00<br />\r\nSmall $50.00<br />\r\nMedium $75.00<br />\r\nLarge $100.00\r\n<br /><br />\r\n\r\nGift Options:<br />\r\n- None<br /> \r\n- Embossed Collector\'s Tin $40.00<br />\r\n- Collector\'s Tin $50.00<br />\r\n- Autographed Memorabila Card $75.00<br />\r\n- Wrapping $100.00\r\n<br /><br />\r\n\r\nFeatures: <br />\r\nQuality Design<br />\r\nCustom Handling<br />\r\nSame Day Shipping<br />\r\n<br /><br />\r\n\r\nNOTE: Select from below ... is defined as a Display Only Attribute and NOT to be included in the base price. \r\n<br /><br />\r\n\r\nThe Display Only means, the customer may NOT select this option value. If they do not selected another option value, then the product cannot be added to the shopping cart.\r\n<br /><br />\r\n\r\nThe NOT included in base price means, if this product were priced by attributes, it would not be include. The reason for this is so that the lowest price of this group will be the Small at $50.00 and not Select from Below at $0.00\r\n<br /><br />\r\n\r\nNOTE: None is similar to Display Only, but this can be used when for when no option value is required.\r\n<br /><br />\r\n\r\nIts value is set the value to $0.00 and it is NOT marked Display Only. \r\n<br /><br />\r\n\r\nBecause its value is $0.00 if included in the Attributes Based Price on products Priced by Attributes, this Options group would not have any value included in the calculated price.\r\n<br /><br />\r\n\r\nNOTE: The Option Name: Featured is a READ ONLY Option Type\r\n<br /><br />\r\nThis can be for repeatative information or anything that occures on many products but functions like an attribute in setting up the information. It does not get added to the Shopping Cart nor display on the Order. They should be marked exclude from Attribute Based Price.\r\n<br /><br />', '', 0),
(82, 1, 'TEST $120 Sale -$5.00', 'Product is $120\r\n<br /><br />\r\nSale is -$5.00\r\n<br /><br />\r\n\r\nAttributes:<br />\r\nColor:<br />\r\n- Red $100.00<br />\r\n- Orange $50.00<br />\r\n- Yellow $75\r\n<br /><br />\r\n\r\nSize:<br />\r\nSelect from Below:<br />\r\nSmall $50.00<br />\r\nMedium $75.00<br />\r\nLarge $100.00\r\n<br /><br />\r\n\r\nGift Options:<br />\r\n- Dated Collector\'s Tin $50.00<br />\r\n- Autographed Memorabila Card $75.00<br />\r\n- Wrapping $100.00\r\n<br /><br />\r\n\r\nNOTE: Select from below is defined as a Display Only Attribute and NOT to be included in the base price. \r\n<br /><br />\r\nThe Display Only means, the customer may NOT select this option value. If they do not selected another option value, then the product cannot be added to the shopping cart.\r\n<br /><br />\r\nThe NOT included in base price means, if this product were priced by attributes, it would not be include. The reason for this is so that the lowest price of this group will be the Small at $50.00 and not Select from Below at $0.00\r\n<br /><br />', '', 0),
(83, 1, 'TEST $120 Special $90.00 Sale -$5.00', 'Product is $120\r\n<br /><br />\r\n\r\nSpecial $90.00 or 25%\r\n<br /><br />\r\n\r\nSale is -$5.00\r\n<br /><br />\r\n\r\n\r\nAttributes:<br />\r\nColor:<br />\r\n- Red $100.00<br />\r\n- Orange $50.00<br />\r\n- Yellow $75\r\n<br /><br />\r\n\r\nSize:<br />\r\nSelect from Below:<br />\r\nSmall $50.00<br />\r\nMedium $75.00<br />\r\nLarge $100.00\r\n<br /><br />\r\n\r\nGift Options:<br />\r\n- Dated Collector\'s Tin $50.00<br />\r\n- Autographed Memorabila Card $75.00<br />\r\n- Wrapping $100.00\r\n<br /><br />\r\n\r\nNOTE: Select from below is defined as a Display Only Attribute and NOT to be included in the base price. \r\n<br /><br />\r\nThe Display Only means, the customer may NOT select this option value. If they do not selected another option value, then the product cannot be added to the shopping cart.\r\n<br /><br />\r\nThe NOT included in base price means, if this product were priced by attributes, it would not be include. The reason for this is so that the lowest price of this group will be the Small at $50.00 and not Select from Below at $0.00\r\n<br /><br />', '', 0),
(76, 1, 'TEST 25% special 10% Sale', 'Product is $100.00\r\n<br /><br />\r\nSpecial is 25%\r\n<br /><br />\r\nSale is 10%\r\n<br /><br />', '', 0),
(106, 1, 'A Maximum Sample of 3', 'This product only allows Quantity 1 because the Products Qty Maximum is set to 3.\r\n<br /><br />\r\n\r\nThis means there will be a Quantity box.\r\n<br /><br />\r\n\r\nAdd button will not add more than a total of 3 to the Shopping Cart.\r\n<br /><br />', '', 0),
(104, 1, 'Hide Quantity Box', 'This product does not show the Quantity Box when Adding to the Shopping Cart.\r\n<br /><br />\r\n\r\nThis will add 1 to the Shopping Cart when Add to Cart is hit.\r\n<br /><br />\r\n\r\nNOTE: If using Quantity Box Shows set to NO, unless Qty Max is also set to 1 then each time the Add to Cart is clicked the current cart quantity is updated by 1. If Qty Max is set to 1 then no more than 1 will be able to be added to the Shopping Cart per order.\r\n<br /><br />\r\n\r\nBecause the Image name is: 1_small.jpg<br />\r\nand stored in the /images directory ...\r\n<br /><br />\r\n\r\nThe other matching images will show:\r\n<br /><br />\r\n/images/1_small_00.jpg<br />\r\n/images/1_small_02.jpg<br />\r\n/images/1_small_03.jpg\r\n<br /><br />\r\n\r\nThe matching large images from /images/large will show:\r\n<br /><br />\r\n/images/large/1_small_00_LRG.jpg<br />\r\n/images/large/1_small_02_LRG.jpg<br />\r\n/images/large/1_small_03_LRG.jpg\r\n<br /><br />\r\n\r\nA matching image must begin with the same exact name as the Product Image and end in the same extension.\r\n<br /><br />\r\n\r\nThese will then auto load.\r\n<br /><br />', '', 0),
(105, 1, 'A Maximum Sample of 1', 'This product only allows Quantity 1 because the Products Qty Maximum is set to 1.\r\n<br /><br />\r\n\r\nThis means there will be no Quantity box.\r\n<br /><br />\r\n\r\nAdd button will not add more than a total of 1 to the Shopping Cart.\r\n<br /><br />', '', 0),
(88, 1, 'TEST $120 Sale Special $90 Skip', 'Product is $120\r\n<br /><br />\r\nSpecial is $105\r\n<br /><br />\r\nSale Price is $90 or 25% - Skip Products with Specials\r\n<br /><br />\r\n\r\nAttributes:<br />\r\nColor:<br />\r\n- Red $100.00<br />\r\n- Orange $50.00<br />\r\n- Yellow $75\r\n<br /><br />\r\n\r\nSize:<br />\r\nSelect from Below:<br />\r\nSmall $50.00<br />\r\nMedium $75.00<br />\r\nLarge $100.00\r\n<br /><br />\r\n\r\nGift Options:<br />\r\n- Dated Collector\'s Tin $50.00<br />\r\n- Autographed Memorabila Card $75.00<br />\r\n- Wrapping $100.00\r\n<br /><br />\r\n\r\nNOTE: Select from below is defined as a Display Only Attribute and NOT to be included in the base price. \r\n<br /><br />\r\nThe Display Only means, the customer may NOT select this option value. If they do not selected another option value, then the product cannot be added to the shopping cart.\r\n<br /><br />\r\nThe NOT included in base price means, if this product were priced by attributes, it would not be include. The reason for this is so that the lowest price of this group will be the Small at $50.00 and not Select from Below at $0.00\r\n<br /><br />', '', 0),
(89, 1, 'TEST $120 Sale 10% Special off Skip', 'Product is $120\r\n<br /><br />\r\nSpecial does not exist\r\n<br /><br />\r\nSale Price is 10% - Skip Products with Specials\r\n<br /><br />\r\n\r\nAttributes:<br />\r\nColor:<br />\r\n- Red $100.00<br />\r\n- Orange $50.00<br />\r\n- Yellow $75\r\n<br /><br />\r\n\r\nSize:<br />\r\nSelect from Below:<br />\r\nSmall $50.00<br />\r\nMedium $75.00<br />\r\nLarge $100.00\r\n<br /><br />\r\n\r\nGift Options:<br />\r\n- Dated Collector\'s Tin $50.00<br />\r\n- Autographed Memorabila Card $75.00<br />\r\n- Wrapping $100.00\r\n<br /><br />\r\n\r\nNOTE: Select from below is defined as a Display Only Attribute and NOT to be included in the base price. \r\n<br /><br />\r\nThe Display Only means, the customer may NOT select this option value. If they do not selected another option value, then the product cannot be added to the shopping cart.\r\n<br /><br />\r\nThe NOT included in base price means, if this product were priced by attributes, it would not be include. The reason for this is so that the lowest price of this group will be the Small at $50.00 and not Select from Below at $0.00\r\n<br /><br />', '', 0),
(90, 1, 'TEST $120 Sale 10% Special', 'Product is $120\r\n<br /><br />\r\nSpecial is 25% or $90\r\n<br /><br />\r\nSale Price is 10%\r\n<br /><br />\r\n\r\nAttributes:<br />\r\nColor:<br />\r\n- Red $100.00<br />\r\n- Orange $50.00<br />\r\n- Yellow $75\r\n<br /><br />\r\n\r\nSize:<br />\r\nSelect from Below:<br />\r\nSmall $50.00<br />\r\nMedium $75.00<br />\r\nLarge $100.00\r\n<br /><br />\r\n\r\nGift Options:<br />\r\n- Dated Collector\'s Tin $50.00<br />\r\n- Autographed Memorabila Card $75.00<br />\r\n- Wrapping $100.00\r\n<br /><br />\r\n\r\nNOTE: Select from below is defined as a Display Only Attribute and NOT to be included in the base price. \r\n<br /><br />\r\nThe Display Only means, the customer may NOT select this option value. If they do not selected another option value, then the product cannot be added to the shopping cart.\r\n<br /><br />\r\nThe NOT included in base price means, if this product were priced by attributes, it would not be include. The reason for this is so that the lowest price of this group will be the Small at $50.00 and not Select from Below at $0.00\r\n<br /><br />', '', 0),
(92, 1, 'TEST $120 Sale 10% Special off', 'Product is $120\r\n<br /><br />\r\nSpecial does not exist\r\n<br /><br />\r\nSale Price is 10%\r\n<br /><br />\r\n\r\nAttributes:<br />\r\nColor:<br />\r\n- Red $100.00<br />\r\n- Orange $50.00<br />\r\n- Yellow $75\r\n<br /><br />\r\n\r\nSize:<br />\r\nSelect from Below:<br />\r\nSmall $50.00<br />\r\nMedium $75.00<br />\r\nLarge $100.00\r\n<br /><br />\r\n\r\nGift Options:<br />\r\n- Dated Collector\'s Tin $50.00<br />\r\n- Autographed Memorabila Card $75.00<br />\r\n- Wrapping $100.00\r\n<br /><br />\r\n\r\nNOTE: Select from below is defined as a Display Only Attribute and NOT to be included in the base price. \r\n<br /><br />\r\nThe Display Only means, the customer may NOT select this option value. If they do not selected another option value, then the product cannot be added to the shopping cart.\r\n<br /><br />\r\nThe NOT included in base price means, if this product were priced by attributes, it would not be include. The reason for this is so that the lowest price of this group will be the Small at $50.00 and not Select from Below at $0.00\r\n<br /><br />', '', 0),
(93, 1, 'TEST $120 Special off Sale New Price $100', 'Product is $120\r\n<br /><br />\r\nSpecial does not exist\r\n<br /><br />\r\nSale Price is New Price $100\r\n<br /><br />\r\n\r\nAttributes:<br />\r\nColor:<br />\r\n- Red $100.00<br />\r\n- Orange $50.00<br />\r\n- Yellow $75\r\n<br /><br />\r\n\r\nSize:<br />\r\nSelect from Below:<br />\r\nSmall $50.00<br />\r\nMedium $75.00<br />\r\nLarge $100.00\r\n<br /><br />\r\n\r\nGift Options:<br />\r\n- Dated Collector\'s Tin $50.00<br />\r\n- Autographed Memorabila Card $75.00<br />\r\n- Wrapping $100.00\r\n<br /><br />\r\n\r\nAttributes are not affected by the Sale Discount Price when a New Price is used.\r\n<br /><br />\r\n\r\nNOTE: Select from below is defined as a Display Only Attribute and NOT to be included in the base price. \r\n<br /><br />\r\nThe Display Only means, the customer may NOT select this option value. If they do not selected another option value, then the product cannot be added to the shopping cart.\r\n<br /><br />\r\nThe NOT included in base price means, if this product were priced by attributes, it would not be include. The reason for this is so that the lowest price of this group will be the Small at $50.00 and not Select from Below at $0.00\r\n<br /><br />', '', 0),
(94, 1, 'TEST $120 Special 25% Sale New Price $100', 'Product is $120\r\n<br /><br />\r\nSpecial 25% or $90\r\n<br /><br />\r\nSale Price is New Price $100\r\n<br /><br />\r\n\r\nAttributes:<br />\r\nColor:<br />\r\n- Red $100.00<br />\r\n- Orange $50.00<br />\r\n- Yellow $75\r\n<br /><br />\r\n\r\nSize:<br />\r\nSelect from Below:<br />\r\nSmall $50.00<br />\r\nMedium $75.00<br />\r\nLarge $100.00\r\n<br /><br />\r\n\r\nGift Options:<br />\r\n- Dated Collector\'s Tin $50.00<br />\r\n- Autographed Memorabila Card $75.00<br />\r\n- Wrapping $100.00\r\n<br /><br />\r\n\r\nAttributes are not affected by the Sale Discount Price when a New Price is used.\r\n<br /><br />\r\n\r\nNOTE: Select from below is defined as a Display Only Attribute and NOT to be included in the base price. \r\n<br /><br />\r\nThe Display Only means, the customer may NOT select this option value. If they do not selected another option value, then the product cannot be added to the shopping cart.\r\n<br /><br />\r\nThe NOT included in base price means, if this product were priced by attributes, it would not be include. The reason for this is so that the lowest price of this group will be the Small at $50.00 and not Select from Below at $0.00\r\n<br /><br />', '', 0),
(95, 1, 'TEST $120 Special 25% Sale New Price $100 Skip Specials', 'Product is $120\r\n<br /><br />\r\nSpecial 25% or $90\r\n<br /><br />\r\nSale Price is New Price $100\r\n<br /><br />\r\n\r\nAttributes:<br />\r\nColor:<br />\r\n- Red $100.00<br />\r\n- Orange $50.00<br />\r\n- Yellow $75\r\n<br /><br />\r\n\r\nSize:<br />\r\nSelect from Below:<br />\r\nSmall $50.00<br />\r\nMedium $75.00<br />\r\nLarge $100.00\r\n<br /><br />\r\n\r\nGift Options:<br />\r\n- Dated Collector\'s Tin $50.00<br />\r\n- Autographed Memorabila Card $75.00<br />\r\n- Wrapping $100.00\r\n<br /><br />\r\n\r\nAttributes are not affected by the Sale Discount Price when a New Price is used.\r\n<br /><br />\r\n\r\nNOTE: Select from below is defined as a Display Only Attribute and NOT to be included in the base price. \r\n<br /><br />\r\nThe Display Only means, the customer may NOT select this option value. If they do not selected another option value, then the product cannot be added to the shopping cart.\r\n<br /><br />\r\nThe NOT included in base price means, if this product were priced by attributes, it would not be include. The reason for this is so that the lowest price of this group will be the Small at $50.00 and not Select from Below at $0.00\r\n<br /><br />', '', 0),
(96, 1, 'TEST $120 Special off Sale New Price $100 Skip Specials', 'Product is $120\r\n<br /><br />\r\nSpecial does not exist\r\n<br /><br />\r\nSale Price is New Price $100\r\n<br /><br />\r\n\r\nAttributes:<br />\r\nColor:<br />\r\n- Red $100.00<br />\r\n- Orange $50.00<br />\r\n- Yellow $75\r\n<br /><br />\r\n\r\nSize:<br />\r\nSelect from Below:<br />\r\nSmall $50.00<br />\r\nMedium $75.00<br />\r\nLarge $100.00\r\n<br /><br />\r\n\r\nGift Options:<br />\r\n- Dated Collector\'s Tin $50.00<br />\r\n- Autographed Memorabila Card $75.00<br />\r\n- Wrapping $100.00\r\n<br /><br />\r\n\r\nAttributes are not affected by the Sale Discount Price when a New Price is used.\r\n<br /><br />\r\n\r\nNOTE: Select from below is defined as a Display Only Attribute and NOT to be included in the base price. \r\n<br /><br />\r\nThe Display Only means, the customer may NOT select this option value. If they do not selected another option value, then the product cannot be added to the shopping cart.\r\n<br /><br />\r\nThe NOT included in base price means, if this product were priced by attributes, it would not be include. The reason for this is so that the lowest price of this group will be the Small at $50.00 and not Select from Below at $0.00\r\n<br /><br />', '', 0),
(97, 1, 'TEST $120 Sale 10% Special - Apply to price', 'Product is $120\r\n<br /><br />\r\nSpecial is 25% or $90\r\n<br /><br />\r\nSale Price is 10%\r\n<br /><br />\r\n\r\nAttributes:<br />\r\nColor:<br />\r\n- Red $100.00<br />\r\n- Orange $50.00<br />\r\n- Yellow $75\r\n<br /><br />\r\n\r\nSize:<br />\r\nSelect from Below:<br />\r\nSmall $50.00<br />\r\nMedium $75.00<br />\r\nLarge $100.00\r\n<br /><br />\r\n\r\nGift Options:<br />\r\n- Dated Collector\'s Tin $50.00<br />\r\n- Autographed Memorabila Card $75.00<br />\r\n- Wrapping $100.00\r\n<br /><br />\r\n\r\nNOTE: Select from below is defined as a Display Only Attribute and NOT to be included in the base price. \r\n<br /><br />\r\nThe Display Only means, the customer may NOT select this option value. If they do not selected another option value, then the product cannot be added to the shopping cart.\r\n<br /><br />\r\nThe NOT included in base price means, if this product were priced by attributes, it would not be include. The reason for this is so that the lowest price of this group will be the Small at $50.00 and not Select from Below at $0.00\r\n<br /><br />', '', 0),
(98, 1, 'TEST $120 Sale 10% Special off - Apply to Price', 'Product is $120\r\n<br /><br />\r\nSpecial does not exist\r\n<br /><br />\r\nSale Price is 10%\r\n<br /><br />\r\n\r\nAttributes:<br />\r\nColor:<br />\r\n- Red $100.00<br />\r\n- Orange $50.00<br />\r\n- Yellow $75\r\n<br /><br />\r\n\r\nSize:<br />\r\nSelect from Below:<br />\r\nSmall $50.00<br />\r\nMedium $75.00<br />\r\nLarge $100.00\r\n<br /><br />\r\n\r\nGift Options:<br />\r\n- Dated Collector\'s Tin $50.00<br />\r\n- Autographed Memorabila Card $75.00<br />\r\n- Wrapping $100.00\r\n<br /><br />\r\n\r\nNOTE: Select from below is defined as a Display Only Attribute and NOT to be included in the base price. \r\n<br /><br />\r\nThe Display Only means, the customer may NOT select this option value. If they do not selected another option value, then the product cannot be added to the shopping cart.\r\n<br /><br />\r\nThe NOT included in base price means, if this product were priced by attributes, it would not be include. The reason for this is so that the lowest price of this group will be the Small at $50.00 and not Select from Below at $0.00\r\n<br /><br />', '', 0),
(99, 1, 'Free Shipping Product with Weight', 'This product has Free Shipping.\r\n<br /><br />\r\n\r\nThe weight is set to 5\r\n<br /><br />\r\n\r\nWhile the weight is set to 5, it has the Always Free Shipping set to YES and the Free Shipping Module is installed.\r\n<br /><br />', '', 0),
(107, 1, 'Free Shipping Product without Weight', 'This product has Free Shipping.\r\n<br /><br />\r\n\r\nThe weight is set to 0\r\n<br /><br />\r\n\r\nIt has the Always Free Shipping set to NO and the Free Shipping Module is installed but it will still ship for Free.\r\n<br /><br />\r\n\r\nIn the Configruation settings for Shipping/Packaging ... Order Free Shipping 0 Weight Status has been defined to be Free Shipping.\r\n<br /><br />\r\n\r\nNOTE: if that setting is changed, then this product will NOT ship for free, even though the weight is set to 0.\r\n<br /><br />', '', 0),
(108, 1, 'A Sold Out Product', 'This product is Sold Out because the product quantity is <= 0\r\n<br /><br />\r\n\r\nBecause the Configuration Settings in Stock are defined that Sold Out Products are not disabled and Sold Out cannot be purchased, the add to cart buttons are changed to either the large or small Sold Out image.\r\n<br /><br />\r\n\r\nIf you change the Configuration Settings in Stock, then you will be able to purchase this product, even though it is Sold Out.\r\n<br /><br />', '', 0),
(112, 1, 'Test Two', 'This is a test product to fill this category with more 12 randomly entered products to envoke the split page results on products that are not linked, have no specials, sales, etc.', '', 0),
(113, 1, 'Test Four', 'This is a test product to fill this category with more 12 randomly entered products to envoke the split page results on products that are not linked, have no specials, sales, etc.', '', 0),
(114, 1, 'Test Five', 'This is a test product to fill this category with more 12 randomly entered products to envoke the split page results on products that are not linked, have no specials, sales, etc.', '', 0),
(115, 1, 'Test One', 'This is a test product to fill this category with more 12 randomly entered products to envoke the split page results on products that are not linked, have no specials, sales, etc.', '', 0),
(116, 1, 'Test Eight', 'This is a test product to fill this category with more 12 randomly entered products to envoke the split page results on products that are not linked, have no specials, sales, etc.', '', 0),
(117, 1, '<strong>Test<br /> Three</strong>', 'This is a test product to fill this category with more 12 randomly entered products to envoke the split page results on products that are not linked, have no specials, sales, etc.', '', 0),
(118, 1, 'Test Ten', 'This is a test product to fill this category with more 12 randomly entered products to envoke the split page results on products that are not linked, have no specials, sales, etc.', '', 0),
(119, 1, 'Test Six', 'This is a test product to fill this category with more 12 randomly entered products to envoke the split page results on products that are not linked, have no specials, sales, etc.', '', 0),
(120, 1, 'Test Seven', 'This is a test product to fill this category with more 12 randomly entered products to envoke the split page results on products that are not linked, have no specials, sales, etc.', '', 0),
(121, 1, 'Test Twelve', 'This is a test product to fill this category with more 12 randomly entered products to envoke the split page results on products that are not linked, have no specials, sales, etc.', '', 0),
(122, 1, 'Test Nine', 'This is a test product to fill this category with more 12 randomly entered products to envoke the split page results on products that are not linked, have no specials, sales, etc.', '', 0),
(123, 1, 'Test Eleven', 'This is a test product to fill this category with more 12 randomly entered products to envoke the split page results on products that are not linked, have no specials, sales, etc.', '', 0),
(127, 1, 'Normal Product', '<p>This is a normal product priced at $15</p><p>There are quantity discounts setup which will be discounted from the Products Price.</p><p>Discounts are added on the Products Price Manager.</p>', '', 0),
(154, 1, 'Rope', '<p>Rope is sold by foot or yard with a minimum length of 10 feet or 10 yards</p><p>Product Price of $1.00<br />Product Weight of 0</p><p>Option Values:<br />per foot $0.00 weight .25<br />per yard $1.50 weight .75</p>', '', 0),
(155, 1, 'Price Factor', '<p>This product is priced at $10.00</p><p>The attributes are priced using the Price Factor</p><p>Red is $10<br />Yellow is $20<br />Green is $30</p><p>This makes the total price $10 + the price factor of the attribute.</p>', '', 0),
(156, 1, 'Price Factor Offset', '<p>This product is priced at $10.00</p><p>The attributes are priced using the Price Factor and Price Factor Offset</p><p>Red is $10 ($0)<br />Yellow is $20 ($10)<br />Green is $30 ($20)</p><p>The Price Factor Offset is set to 1 to take out the price of the Product Price then make the total price $10 + the price factor * $10 - price factor offset * $10 for the attributes.</p>', '', 0),
(157, 1, 'Price Factor Offset by Attribute', '<p>This product is priced at $10.00</p><p>It is marked Price by Attributes.</p><p>The attributes are priced using the Price Factor and Price Factor Offset. </p><p>The actual Product Price is used just to compute the Price Factor.</p><p>Red is $10 ($0)<br />Yellow is $20 ($10)<br />Green is $30 ($20)</p><p>The Price Factor Offset is set to 1 to take out the price of the Product Price then make the total price the price factor * $10 - price factor offset * $10 for the attributes.</p>', '', 0),
(158, 1, 'One Time Charge', '<p>This product is $45 with a one time charge set on the colors.</p><p>Red $5<br />Yellow is $10<br />Green is $15</p>', '', 0),
(159, 1, 'Attribute Quantity Discount', '<p>Attribute qty discounts are attribute prices based on qty ordered.</p><p>Enter them as: </p><p>Red:<br />3:10.00,6:9.00,9:8.00,12:7.00,15:6.00</p><p>Yellow<br />3:10.50,6:9.50,9:8.50,12:7.50,15:6.50</p><p>Green:<br />3:11.00,6:10.00,9:9.00,12:8.00,15:7.00</p><p>A table will also show on the page to display these discounts as well as an indicator that qty discounts are available.</p>', '', 0),
(160, 1, 'Golf Clubs', '<p>Products Price is set to 0 and Products Weight is set to 1</p><p>This is marked Price by Attributes</p><p>This is priced by attribute at 14.45 per club with an added weight of 1 on the attributes.</p><p>This will make the shipping weight 1lb for the product plus 1lb for each attribute (club) added.</p><p>The attributes are sorted so the clubs read in order on the Product Info, Shopping Cart, Order, Email and Account History.</p>', '', 0),
(165, 1, 'Rope', '<p>Rope is sold by foot or yard with a minimum length of 10 feet or 10 yards</p><p>Product Price of $1.00<br />Product Weight of 0</p><p>Option Values:<br />per foot $0.00 weight .25<br />per yard $1.50 weight .75</p>', '', 0),
(166, 1, 'Russ Tippins Band - The Hunter', '', '', 0),
(167, 1, 'Test Document', 'This is a test document', '', 0),
(168, 1, 'Sample of Product General Type', 'Product General Type are your regular products.\r\n\r\nThere are no special needs or layout issues to work with.', '', 0),
(169, 1, 'Sample of Product Music Type', 'The Product Music Type is specially designed for music media.\r\n\r\nThis can offer a lot more flexibility than the Product General.', '', 0),
(170, 1, 'Sample of Document General Type', 'Document General Type is used for Products that are actually Documents.\r\n\r\nThese cannot be added to the cart but can be configured for the Document Sidebox. If your Document Sidebox is not showing, go to the Layout Controller and turn it on for your template.', '', 0),
(171, 1, 'Sample of Document Product Type', 'Document Product Type is used for Documents that are also available for sale. <br /><br />You might wish to display brief peices of the Document then offer it for sale. <br /><br />This Product Type is also handy for downloadable Documents or Documents available either on CD or by download. <br /><br />The Document Product Type could be used in the Document Sidebox or the Categories Sidebox depending on how you configure its master categories id. <br /><br />This product has also been added as a linked product to the Document Category. This will allow it to show in both the Category and Document Sidebox. While not marked specifically for the master product type id related to the Product Types, it now is in a Product Type set for Document General so it will show in both boxes.', '', 0),
(172, 1, 'Sample of Product Free Shipping Type', '<p>Product Free Shipping can be setup to highlight the Free Shipping aspect of the product. <br /><br />These pages include a Free Shipping Image on them. <br /><br />You can define the ALWAYS_FREE_SHIPPING_ICON in the language file. This can be Text, Image, Text/Image Combo or nothing. <br /><br />The weight does not matter on Always Free Shipping if you set Always Free Shipping to Yes. <br /><br />Be sure to have the Free Shipping Module Turned on! Otherwise, if this is the only product in the cart, it will not be able to be shipped. <br /><br />Notice that this is defined with a weight of 5lbs. But because of the Always Free Shipping being set to Y there will be no shipping charges for this product. <br /><br />You do not have to use the Product Free Shipping product type just to use Always Free Shipping. But the reason you may want to do this is so that the layout of the Product Free Shipping product info page can be layout specifically for the Free Shipping aspect of the product. <br /><br />This includes a READONLY attribute for Option Name: Shipping and Option Value: Free Shipping Included. READONLY attributes do not show on the options for the order.</p>', '', 0),
(173, 1, 'Book', 'This Book is sold as a Book that is shipped to the customer or as a Download.<br /><br />\r\n\r\nOnly the Book itself is on Special. The Downloadable versions are not on Special.<br /><br />\r\n\r\nThis Book under Categories/Products is set to:<br /><br />\r\n\r\nProduct Priced by Attributes: Yes<br />\r\nProducts Price: 0.00<br />\r\nWeight: 0<br /><br />\r\n\r\nAn Option Name of: Version (type is dropdown)<br /><br />\r\nOption Values of: Book Hard Cover<br /><br />\r\nDownload: MAC English<br /><br />\r\nDownload: Windows English<br /><br />\r\n\r\nThe Attributes are set as:<br />\r\nOption Name: Version<br />\r\nOption Value: Book Hard Cover<br />\r\nPrice Prefix is blank<br />\r\nPrice: 52.50<br />\r\nWeight Prefix is blank\r\nWeight: 1<br />\r\nInclude in Base Price When Priced by Attributes Yes<br />\r\nApply Discounts Used by Product Special/Sale: Yes<br /><br />\r\n\r\nOption Name: Version<br />\r\nOption Value: Download: MAC English<br />\r\nPrice Prefix is blank<br />\r\nPrice: 20.00<br />\r\nWeight: 0\r\nInclude in Base Price When Priced by Attributes No<br />\r\nApply Discounts Used by Product Special/Sale: No<br /><br />\r\n\r\nOption Name: Version<br />\r\nOption Value: Download: Windows: English<br />\r\nPrice Prefix is blank<br />\r\nPrice: 20.00<br />\r\nWeight: 0<br />\r\nInclude in Base Price When Priced by Attributes No<br />\r\nApply Discounts Used by Product Special/Sale: No<br /><br />\r\n\r\nIt is on Special for $47.50<br /><br />', '', 0),
(174, 1, 'A Call No Price', 'This is a Call for Price product with no price<br />\r\n\r\nThis should show as having a price, special price but then be Call for Price. This means you cannot buy it.\r\n<br />', '', 0),
(175, 1, 'Qty Discounts by 1', '<p>This is a normal product priced at $60</p><p>There are quantity discounts setup which will be discounted from the Products Price.</p><p>Discounts are added on the Products Price Manager.</p><p>The Discounts are offered in increments of 1.</p><p>Note: Attributes do not inherit the Discount Qty discounts.</p><p>Attributes will inherit Discounts from Specials or sales. This can be customized per attribute by marking the Attribute to Include Product Price Special or Sale Discounts.</p><p>Red is $100.00 and marked to include the Price to Special discount but will not inherit the Discount Qty discount.</p><p>Green is $100 and marked not to include the Price to Special discount and will not inherit the Discount Qty discount.</p>', '', 0),
(176, 1, 'Normal Product by the dozen', '<p>This is a normal product priced at $100</p><p>There are quantity discounts setup which will be discounted from the Products Price by the dozen.</p><p>Discounts are added on the Products Price Manager.</p>', '', 0),
(177, 1, 'Special Product by the dozen', '<p>This is a Special product priced at $100 with a $75 Special</p><p>There are quantity discounts setup which will be discounted from the Special Price discounted by the dozen.</p><p>Discounts are added on the Products Price Manager.</p>', '', 0),
(178, 1, 'Qty Discounts by 1 Special', '<p>This is a normal product priced at $60 with a special of $50</p><p>There are quantity discounts setup which will be discounted from the Products Price.</p><p>Discounts are added on the Products Price Manager.</p><p>The Discounts are offered in increments of 1.</p><p>Note: Attributes do not inherit the Discount Qty discounts.</p><p>Attributes will inherit Discounts from Specials or sales. This can be customized per attribute by marking the Attribute to Include Product Price Special or Sale Discounts.</p><p>Red is $100.00 and marked to include the Price to Special discount but will not inherit the Discount Qty discount.</p><p>Green is $100 and marked not to include the Price to Special discount and will not inherit the Discount Qty discount.</p>', '', 0),
(179, 1, 'Single Download', '<p>This product is set up to have a single download.</p><p>The Product Price is $39.99</p><p>The attributes are setup with 1 Option Name, for the download to allow for one download but of various types.</p><p>The Download is listed under:</p><p>Option Name: Documentation<br />Option Value: PDF - English<br />Option Value: MS Word - English</p>', '', 0);

#
# Dumping data for table `products_discount_quantity`
#

INSERT INTO products_discount_quantity (discount_id, products_id, discount_qty, discount_price) VALUES (4, 127, '12', '10.0000'),
(3, 127, '9', '8.0000'),
(2, 127, '6', '7.0000'),
(1, 8, '3', '10.0000'),
(1, 127, '3', '5.0000'),
(4, 130, '12', '10.0000'),
(3, 130, '9', '8.0000'),
(2, 130, '6', '7.0000'),
(1, 130, '3', '5.0000'),
(9, 175, '9', '10.0000'),
(8, 175, '8', '9.0000'),
(7, 175, '7', '8.0000'),
(6, 175, '6', '7.0000'),
(5, 175, '5', '6.0000'),
(4, 175, '4', '5.0000'),
(3, 175, '3', '4.0000'),
(2, 175, '2', '3.0000'),
(1, 175, '10', '11.0000'),
(3, 178, '3', '4.0000'),
(2, 178, '2', '3.0000'),
(1, 178, '10', '11.0000'),
(6, 177, '36', '30.0000'),
(5, 176, '48', '30.0000'),
(4, 176, '36', '20.0000'),
(3, 176, '24', '10.0000'),
(2, 176, '12', '5.0000'),
(1, 176, '60', '40.0000'),
(5, 177, '24', '20.0000'),
(4, 177, '12', '10.0000'),
(3, 177, '6', '5.0000'),
(2, 177, '60', '50.0000'),
(1, 177, '48', '40.0000'),
(4, 178, '4', '5.0000'),
(5, 178, '5', '6.0000'),
(6, 178, '6', '7.0000'),
(7, 178, '7', '8.0000'),
(8, 178, '8', '9.0000'),
(9, 178, '9', '10.0000');

#
# Dumping data for table `products_options`
#

INSERT INTO products_options (products_options_id, language_id, products_options_name, products_options_sort_order, products_options_type, products_options_length, products_options_comment, products_options_size, products_options_images_per_row, products_options_images_style) VALUES (1, 1, 'Color', 10, 2, 32, '', 32, 5, 0),
(2, 1, 'Size', 20, 0, 32, '', 32, 5, 0),
(3, 1, 'Model', 30, 0, 32, '', 32, 5, 0),
(4, 1, 'Memory', 50, 0, 32, '', 32, 5, 0),
(5, 1, 'Version', 40, 0, 32, '', 32, 5, 0),
(6, 1, 'Media Type', 60, 0, 32, '', 32, 5, 0),
(17, 1, 'Documentation', 45, 0, 32, NULL, 32, 5, 0),
(16, 1, 'Irons', 800, 3, 32, '', 32, 5, 0),
(7, 1, 'Logo Back', 310, 4, 32, '', 32, 5, 0),
(8, 1, 'Logo Front', 300, 4, 32, 'You may upload your own image file(s)', 32, 5, 0),
(9, 1, 'Line 2', 410, 1, 64, '', 40, 5, 0),
(10, 1, 'Line 1', 400, 1, 64, 'Enter your text up to 64 characters, punctuation and spaces', 40, 5, 0),
(11, 1, 'Line 3', 420, 1, 64, '', 40, 5, 0),
(12, 1, 'Line 4', 430, 1, 64, '', 40, 5, 0),
(13, 1, 'Gift Options', 70, 3, 32, 'Special Option Options Available:', 32, 5, 0),
(14, 1, 'Amount', 200, 2, 32, '', 32, 5, 0),
(15, 1, 'Features', 700, 5, 32, '&nbsp;', 32, 5, 0),
(18, 1, 'Length', 70, 0, 32, '', 32, 5, 0),
(19, 1, 'Shipping', 600, 5, 32, '', 32, 0, 0);

#
# Dumping data for table `products_options_values`
#

#Remove TEXT
INSERT INTO products_options_values (products_options_values_id, language_id, products_options_values_name, products_options_values_sort_order) VALUES (1, 1, '4 mb', 10),
(2, 1, '8 mb', 20),
(3, 1, '16 mb', 30),
(4, 1, '32 mb', 40),
(5, 1, 'Value', 10),
(6, 1, 'Premium', 20),
(7, 1, 'Deluxe', 30),
(8, 1, 'PS/2', 20),
(9, 1, 'USB', 10),
(10, 1, 'Download: Windows - English', 10),
(13, 1, 'Box: Windows - English', 1000),
(14, 1, 'DVD/VHS Combo Pak', 30),
(15, 1, 'Blue', 50),
(16, 1, 'Red', 10),
(17, 1, 'Yellow', 30),
(18, 1, 'Medium', 30),
(63, 1, 'MS Word - English', 20),
(19, 1, 'X-Small', 10),
(62, 1, 'PDF - English', 10),
(61, 1, '2 Iron', 20),
(20, 1, 'Large', 40),
(60, 1, '8 Iron', 80),
(59, 1, '7 Iron', 70),
(21, 1, 'Small', 20),
(58, 1, 'Wedge', 200),
(57, 1, '9 Iron', 90),
(22, 1, 'VHS', 20),
(23, 1, 'DVD', 10),
(56, 1, '6 Iron', 60),
(55, 1, '5 Iron', 50),
(24, 1, '20th Century', 10),
(54, 1, '4 Iron', 40),
(53, 1, '3 Iron', 30),
(25, 1, 'Orange', 20),
(26, 1, 'Green', 40),
(27, 1, 'Purple', 60),
(28, 1, 'Brown', 70),
(29, 1, 'Black', 80),
(30, 1, 'White', 90),
(31, 1, 'Silver', 100),
(32, 1, 'Gold', 110),
(64, 1, 'Download: MAC - English', 100),
(34, 1, 'Wrapping', 40),
(35, 1, 'Autographed Memorabilia Card', 30),
(36, 1, 'Collector\'s Tin', 20),
(37, 1, 'Select from below ...', 5),
(38, 1, '$5.00', 5),
(39, 1, '$10.00', 10),
(40, 1, '$25.00', 25),
(41, 1, '$15.00', 15),
(42, 1, '$50.00', 50),
(43, 1, '$100.00', 100),
(44, 1, 'Select from below ...', 5),
(45, 1, 'NONE', 5),
(46, 1, 'None', 5),
(47, 1, 'Embossed Collector\'s Tin', 10),
(49, 1, 'Custom Handling', 20),
(48, 1, 'None', 5),
(50, 1, 'Same Day Shipping', 30),
(51, 1, 'Quality Design', 10),
(52, 1, 'Download: Windows - Spanish', 20),
(65, 1, 'per Foot', 10),
(66, 1, 'per Yard', 20),
(67, 1, 'Free Shipping Included!', 10),
(68, 1, 'Book Hard Cover', 5);

#
# Dumping data for table `products_options_values_to_products_options`
#

INSERT INTO products_options_values_to_products_options (products_options_values_to_products_options_id, products_options_id, products_options_values_id) VALUES (1, 4, 1),
(2, 4, 2),
(3, 4, 3),
(4, 4, 4),
(5, 3, 5),
(6, 3, 6),
(7, 3, 7),
(8, 3, 8),
(9, 3, 9),
(10, 5, 10),
(13, 5, 13),
(14, 6, 14),
(15, 1, 15),
(16, 1, 16),
(17, 1, 17),
(18, 2, 18),
(19, 2, 19),
(20, 2, 20),
(21, 2, 21),
(22, 6, 22),
(23, 6, 23),
(24, 5, 24),
(61, 8, 0),
(60, 7, 0),
(59, 12, 0),
(58, 11, 0),
(57, 10, 0),
(56, 9, 0),
(35, 1, 25),
(36, 1, 26),
(37, 1, 27),
(38, 1, 28),
(39, 1, 29),
(40, 1, 30),
(41, 1, 31),
(42, 1, 32),
(89, 5, 64),
(55, 13, 36),
(54, 13, 35),
(53, 13, 34),
(62, 2, 37),
(63, 14, 38),
(64, 14, 39),
(65, 14, 40),
(66, 14, 41),
(67, 14, 42),
(68, 14, 43),
(69, 13, 44),
(70, 1, 45),
(71, 4, 46),
(72, 13, 47),
(73, 13, 48),
(74, 15, 49),
(75, 15, 50),
(76, 15, 51),
(77, 5, 52),
(78, 16, 53),
(79, 16, 54),
(80, 16, 55),
(81, 16, 56),
(82, 16, 57),
(83, 16, 58),
(84, 16, 59),
(85, 16, 60),
(86, 16, 61),
(87, 17, 62),
(88, 17, 63),
(90, 18, 65),
(91, 18, 66),
(92, 19, 67),
(93, 5, 68);

#
# Dumping data for table `products_to_categories`
#

INSERT INTO products_to_categories (products_id, categories_id) VALUES (1, 4),
(2, 4),
(3, 9),
(4, 10),
(5, 11),
(5, 22),
(6, 10),
(6, 22),
(7, 12),
(7, 22),
(8, 13),
(8, 22),
(9, 10),
(9, 22),
(10, 10),
(11, 10),
(11, 22),
(12, 10),
(12, 22),
(13, 10),
(13, 22),
(14, 15),
(14, 22),
(15, 14),
(15, 22),
(16, 15),
(16, 22),
(17, 10),
(17, 22),
(18, 10),
(19, 12),
(19, 22),
(20, 15),
(20, 22),
(21, 18),
(21, 22),
(22, 19),
(22, 22),
(23, 20),
(23, 22),
(24, 20),
(24, 22),
(25, 8),
(26, 9),
(27, 5),
(27, 22),
(28, 21),
(29, 21),
(30, 21),
(31, 21),
(32, 21),
(34, 22),
(36, 25),
(39, 24),
(40, 24),
(41, 28),
(42, 28),
(43, 24),
(44, 22),
(46, 22),
(47, 21),
(48, 23),
(49, 23),
(50, 23),
(51, 24),
(52, 24),
(53, 23),
(54, 23),
(55, 28),
(56, 28),
(57, 24),
(59, 23),
(60, 28),
(61, 28),
(74, 23),
(76, 28),
(78, 25),
(79, 23),
(80, 23),
(82, 27),
(83, 27),
(84, 23),
(85, 23),
(88, 31),
(89, 31),
(90, 45),
(92, 45),
(93, 46),
(94, 46),
(95, 51),
(96, 51),
(97, 32),
(98, 32),
(99, 23),
(100, 25),
(101, 47),
(104, 23),
(105, 22),
(106, 22),
(107, 23),
(108, 23),
(109, 23),
(110, 52),
(111, 52),
(112, 53),
(113, 53),
(114, 53),
(115, 53),
(116, 53),
(117, 53),
(118, 53),
(119, 53),
(120, 53),
(121, 53),
(122, 53),
(123, 53),
(127, 55),
(130, 55),
(131, 57),
(132, 58),
(133, 60),
(134, 57),
(154, 58),
(155, 56),
(156, 56),
(157, 56),
(158, 56),
(159, 56),
(160, 61),
(165, 61),
(166, 62),
(167, 63),
(168, 64),
(169, 64),
(170, 64),
(171, 63),
(171, 64),
(172, 64),
(173, 61),
(174, 24),
(175, 55),
(176, 55),
(177, 55),
(178, 55),
(179, 60);

#
# Dumping data for table `record_artists`
#

INSERT INTO record_artists (artists_id, artists_name, artists_image, date_added, last_modified) VALUES (1, 'The Russ Tippins Band', 'sooty.jpg', '2004-06-01 20:53:00', NULL);

#
# Dumping data for table `record_artists_info`
#

INSERT INTO record_artists_info (artists_id, languages_id, artists_url, url_clicked, date_last_click) VALUES (1, 1, 'www.russtippins.com/', 0, NULL);

#
# Dumping data for table `record_company`
#

INSERT INTO record_company (record_company_id, record_company_name, record_company_image, date_added, last_modified) VALUES (1, 'HMV Group', NULL, '2004-07-09 14:11:52', NULL);

#
# Dumping data for table `record_company_info`
#

INSERT INTO record_company_info (record_company_id, languages_id, record_company_url, url_clicked, date_last_click) VALUES (1, 1, 'www.hmvgroup.com', 0, NULL);

#
# Dumping data for table `reviews`
#

INSERT INTO reviews (reviews_id, products_id, customers_id, customers_name, reviews_rating, date_added, last_modified, reviews_read, status) VALUES (1, 19, 0, 'Bill Smith', 5, '2003-12-23 03:18:19', '0001-01-01 00:00:00', 11, 1);

#
# Dumping data for table `reviews_description`
#

INSERT INTO reviews_description (reviews_id, languages_id, reviews_text) VALUES (1, 1, 'This really is a very funny but old movie!');

#
# Dumping data for table `salemaker_sales`
#

INSERT INTO salemaker_sales (sale_id, sale_status, sale_name, sale_deduction_value, sale_deduction_type, sale_pricerange_from, sale_pricerange_to, sale_specials_condition, sale_categories_selected, sale_categories_all, sale_date_start, sale_date_end, sale_date_added, sale_date_last_modified, sale_date_status_change) VALUES (1, 1, '10% off Sale', '10.0000', 1, '1.0000', '1000.0000', 2, '25,28,45,47,58', ',25,28,45,47,58,', '2003-12-23', '2008-02-21', '2003-12-23', '2004-05-18', '2004-01-03'),
(3, 0, 'Mice 20%', '20.0000', 1, '1.0000', '1000.0000', 2, '9', ',9,', '2003-12-24', '2004-04-21', '2003-12-31', '2003-12-31', '2004-04-25'),
(6, 1, '$5.00 off', '5.0000', 0, '0.0000', '0.0000', 2, '27', ',27,', '0001-01-01', '0001-01-01', '2004-01-04', '2004-01-05', '2004-01-04'),
(7, 1, '10% Skip Specials', '10.0000', 1, '0.0000', '0.0000', 1, '31', ',31,', '0001-01-01', '0001-01-01', '2004-01-04', '2004-05-18', '2004-01-04'),
(8, 1, '10% Apply to Price', '10.0000', 1, '0.0000', '0.0000', 0, '32', ',32,', '0001-01-01', '0001-01-01', '2004-01-05', '2004-05-18', '2004-01-05'),
(9, 1, 'New Price $100', '100.0000', 2, '0.0000', '0.0000', 2, '46', ',46,', '0001-01-01', '0001-01-01', '2004-01-06', '2004-01-07', '2004-01-06'),
(10, 1, 'New Price $100 Skip Special', '100.0000', 2, '0.0000', '0.0000', 1, '51', ',51,', '0001-01-01', '0001-01-01', '2004-01-07', '2004-01-07', '2004-01-07'),
(11, 1, '$5.00 off Skip Specials', '5.0000', 0, '0.0000', '0.0000', 1, '52', ',52,', '0001-01-01', '0001-01-01', '2004-01-24', '2004-01-24', '2004-01-24');

#
# Dumping data for table `specials`
#

INSERT INTO specials (specials_id, products_id, specials_new_products_price, specials_date_added, specials_last_modified, expires_date, date_status_change, status, specials_date_available) VALUES (1, 3, '39.9900', '2003-12-23 03:18:19', '0001-01-01 00:00:00', '0001-01-01', '0001-01-01 00:00:00', 1, '0001-01-01'),
(2, 5, '30.0000', '2003-12-23 03:18:19', '0001-01-01 00:00:00', '0001-01-01', '0001-01-01 00:00:00', 1, '0001-01-01'),
(3, 6, '30.0000', '2003-12-23 03:18:19', '0001-01-01 00:00:00', '0001-01-01', '0001-01-01 00:00:00', 1, '0001-01-01'),
(4, 16, '29.9900', '2003-12-23 03:18:19', '0001-01-01 00:00:00', '0001-01-01', '0001-01-01 00:00:00', 1, '0001-01-01'),
(5, 41, '90.0000', '2003-12-25 19:15:47', '2004-09-27 13:33:33', '2008-02-21', '0001-01-01 00:00:00', 1, '0001-01-01'),
(6, 42, '95.0000', '2003-12-25 19:15:57', '2004-01-04 13:07:27', '0001-01-01', '0001-01-01 00:00:00', 1, '0001-01-01'),
(7, 44, '90.0000', '2003-12-25 21:54:50', NULL, '0001-01-01', '0001-01-01 00:00:00', 1, '0001-01-01'),
(8, 46, '90.0000', '2003-12-25 21:55:01', NULL, '0001-01-01', '0001-01-01 00:00:00', 1, '0001-01-01'),
(9, 53, '20.0000', '2003-12-28 23:59:03', NULL, '0001-01-01', '0001-01-01 00:00:00', 1, '0001-01-01'),
(10, 39, '75.0000', '2003-12-31 02:03:59', '2004-02-21 00:36:40', '0001-01-01', '0001-01-01 00:00:00', 1, '0001-01-01'),
(40, 100, '374.2500', '2004-01-08 14:07:31', NULL, '0001-01-01', '0001-01-01 00:00:00', 1, '0001-01-01'),
(42, 111, '90.0000', '2004-01-24 16:14:19', NULL, '0001-01-01', '0001-01-01 00:00:00', 1, '0001-01-01'),
(14, 74, '399.2000', '2004-01-02 15:35:30', '2004-01-02 17:38:43', '0001-01-01', '0001-01-01 00:00:00', 1, '0001-01-01'),
(29, 78, '112.5000', '2004-01-04 01:12:14', NULL, '0001-01-01', '0001-01-01 00:00:00', 1, '0001-01-01'),
(27, 59, '300.0000', '2004-01-03 01:51:50', NULL, '0001-01-01', '0001-01-01 00:00:00', 1, '0001-01-01'),
(28, 76, '75.0000', '2004-01-03 23:09:36', NULL, '0001-01-01', '0001-01-01 00:00:00', 1, '0001-01-01'),
(32, 85, '90.0000', '2004-01-04 15:19:59', '2004-01-06 09:59:59', '0001-01-01', '0001-01-01 00:00:00', 1, '0001-01-01'),
(31, 83, '90.0000', '2004-01-04 15:03:07', '2004-01-06 10:02:25', '0001-01-01', '0001-01-01 00:00:00', 1, '0001-01-01'),
(34, 88, '90.0000', '2004-01-05 00:16:22', '2004-01-06 09:59:30', '0001-01-01', '0001-01-01 00:00:00', 1, '0001-01-01'),
(35, 90, '90.0000', '2004-01-05 23:57:20', NULL, '0001-01-01', '0001-01-01 00:00:00', 1, '0001-01-01'),
(36, 94, '90.0000', '2004-01-06 00:07:34', NULL, '0001-01-01', '0001-01-01 00:00:00', 1, '0001-01-01'),
(39, 97, '90.0000', '2004-01-07 11:29:03', NULL, '0001-01-01', '0001-01-01 00:00:00', 1, '0001-01-01'),
(38, 95, '90.0000', '2004-01-07 02:39:58', NULL, '0001-01-01', '0001-01-01 00:00:00', 1, '0001-01-01'),
(44, 130, '10.0000', '2004-04-28 02:46:44', NULL, '0001-01-01', NULL, 1, '0001-01-01'),
(45, 173, '47.5000', '2004-09-24 23:57:05', NULL, '2004-09-28', '2004-09-28 18:48:42', 0, '0001-01-01'),
(46, 166, '3.0000', '2004-10-03 20:24:53', NULL, '0001-01-01', NULL, 1, '0001-01-01'),
(47, 177, '75.0000', '2004-10-05 16:49:33', NULL, '0001-01-01', NULL, 1, '0001-01-01'),
(48, 178, '50.0000', '2004-10-05 16:56:46', NULL, '0001-01-01', NULL, 1, '0001-01-01'),
(50, 40, '75.0000', '2004-01-08 14:07:31', NULL, '0001-01-01', '0001-01-01 00:00:00', 1, '0001-01-01');


#
# modified by http://www.zen-cart.cn
#

INSERT INTO categories_description (categories_id, language_id, categories_name, categories_description) VALUES (1, 2, '硬件', '我们提供各种各样的硬件，从打印机到显卡、鼠标、键盘等。'),
(2, 2, '软件', '选择各款软件。<br /><br />没看到您想要的吗?'),
(3, 2, '影视', '我们提供各种DVD电影，老少皆宜。<br /><br />请查看分类目录。'),
(4, 2, '显卡', ''),
(5, 2, '打印机', ''),
(6, 2, '显示器', ''),
(7, 2, '音箱', ''),
(8, 2, '键盘', ''),
(9, 2, '鼠标', '选择适合您的鼠标!<br /><br />如果您没有找到想要的鼠标，请联系我们。'),
(10, 2, '动作', '<p>动作大片！<br /><br />不要错过精彩片断，现在就购买！<br /><br /></p>'),
(11, 2, '科幻', ''),
(12, 2, '喜剧', ''),
(13, 2, '卡通', '适于各年龄段的儿童!'),
(14, 2, '惊险', ''),
(15, 2, '戏剧', ''),
(16, 2, '内存', ''),
(17, 2, '光驱', ''),
(18, 2, '模拟', ''),
(19, 2, '动作', ''),
(20, 2, '策略', ''),
(60, 2, '下载', ''),
(58, 2, '销售', ''),
(21, 2, '礼券', '现在就发送礼券!<br /><br />礼券适用于商店内的任何商品。'),
(57, 2, '文字价格', ''),
(56, 2, '属性', ''),
(22, 2, '链接商品', '所有这些商品都是&quot;链接&quot;商品。<br /><br />表明他们出现在不止一个分类中。<br /><br />但您只要在一个地方进行维护。<br /><br />主商品用于定价。'),
(55, 2, '批量优惠', '<p>批量优惠可以应用在商品或单个属性上。<br /><br />用于商品的优惠不影响属性价格。<br /><br />仅特价和促销的优惠应用于属性价格。</p>'),
(23, 2, '测试样品', ''),
(24, 2, '免费赠品', ''),
(25, 2, '属性九折测试', ''),
(27, 2, '优惠5元', ''),
(28, 2, '九折测试', ''),
(31, 2, '忽略九折', ''),
(32, 2, '原价九折', ''),
(47, 2, '属性九折', ''),
(33, 2, '总分类', '<p>总分类的说明。</p>'),
(34, 2, '子分类 2A', '子分类2A的说明。'),
(35, 2, '子分类 2B', '子分类2B的说明。'),
(36, 2, '子分类 2C', '子分类2C的说明。'),
(37, 2, '子分类 2B1', '子分类2B1的说明。'),
(38, 2, '子分类 2B2', '子分类2B2的说明。'),
(39, 2, '子分类 2B3', '子分类2B3的说明。'),
(40, 2, '子分类 2A1', '子分类2A1的说明。'),
(41, 2, '子分类 2C1', '子分类2C1的说明。'),
(42, 2, '子分类 2C3', '子分类2C3的说明。'),
(43, 2, '子分类 2A2', '子分类2A2的说明。'),
(44, 2, '子分类 2C2', '子分类2C2的说明。'),
(45, 2, '九折', ''),
(46, 2, '促销价100元', ''),
(48, 2, '促销商品', ''),
(49, 2, '减价商品', ''),
(50, 2, '促销价格', ''),
(51, 2, '促销价100元无条件', ''),
(52, 2, '优惠5元 无条件', ''),
(53, 2, '无链接商品', ''),
(54, 2, '新特性商品', '<p>新商品演示了Zen Cart新增的很多功能。<br /><br />花点时间看看演示商品，更好地了解Zen Cart提供的所有选项和功能。</p>'),
(61, 2, '实物', ''),
(62, 2, '音乐', ''),
(63, 2, '文档', '现在可以添加文档到分类目录。例如，增加服务/技术文档，或用作集成常见问答栏目。结构很简单，但可以扩展为提供PDF下载、链接到购买下载文件，用途非常广泛。'),
(64, 2, '混合商品类型', '本分类含不同类型的商品。\r\n\r\n包含普通商品和文档商品。两种类型的文档 - 供阅读的文档和可阅读并购买的文档。');

INSERT INTO manufacturers_info (manufacturers_id, languages_id, manufacturers_url, url_clicked, date_last_click) VALUES (1, 2, 'http://www.matrox.com', 0, NULL),
(2, 2, 'http://www.microsoft.com', 0, NULL),
(3, 2, 'http://www.warner.com', 0, NULL),
(4, 2, 'http://www.fox.com', 0, NULL),
(5, 2, 'http://www.logitech.com', 0, NULL),
(6, 2, 'http://www.canon.com', 0, NULL),
(7, 2, 'http://www.sierra.com', 0, NULL),
(8, 2, 'http://www.infogrames.com', 0, NULL),
(9, 2, 'http://www.hewlettpackard.com', 0, NULL);

INSERT INTO products_description (products_id, language_id, products_name, products_description, products_url, products_viewed) VALUES (1, 2, 'Matrox G200 MMS', 'Matrox 的芯片技术在新的 Tech Source GFX 200 系列发挥功能，采用首创以一张 PCI 图形卡支持基于Sun Microsystems Solaris平台，支持多达四个 DVI 数字液晶显示屏。GFX 200 系列，有 16 MB（支持两个显示屏）或 32 MB（支持四个显示屏）SGRAM 可选择。以 Matrox G200 多屏幕显示系列的技术为基础，此技术也广受金融界认可，并支持金融界权威公司如 Barclays、富达投资和路透社等。', 'www.matrox.com/mga/products/g200_mms/home.cfm', 0),
(2, 2, 'Matrox G400 32MB', 'G400显卡绝对是显卡历史上永恒的经典产品，其优良的2D画质在如今都是出类拔萃的！也正因为如此，它也成为许多2D作图用户的首选显卡。在很多二手产品论坛上，G400都是炙手可热的东西。G400采用SGRAM显存，容量为16M或32M，AGP-4X接口，对2D画质要求很高或对Matrox显卡情有独衷的朋友可以关注一下。', 'www.matrox.com/mga/products/mill_g400/home.htm', 0),
(3, 2, '人体工程学鼠标', '人体工程学鼠标又分标准外壳和半透明外壳两种，这些鼠标功能相同，不过手感不同，人体工程学鼠标比较顺手。不加载专用的驱动程序也可以使用滚轮功能。专用的驱动程序可以通过网络获得目前的最新版本。', 'www.microsoft.com/hardware/mouse/intellimouse.asp', 0),
(4, 2, '替身杀手', '地区代码: 2 (日本, 欧洲, 中东, 南非).<br />语言: 英语, 德语.<br />子标题: 英语, 德语, 西班牙语.<br />音频: 杜比环绕 5.1<br />图像格式: 16:9 宽屏<br />长度: (约) 80 分钟.<br />其它: 交互式菜单, 字幕, 子标题 (多种语言).', 'www.replacement-killers.com', 0),
(5, 2, '银翼杀手 - 导演剪辑版 链接', '地区代码: 2 (日本, 欧洲, 中东, 南非).<br />语言: 英语, 德语.<br />子标题: 英语, 德语, 西班牙语.<br />音频: 杜比环绕 5.1。<br />图像格式: 16:9 宽屏<br />长度: (约) 112 分钟.<br />其它: 交互式菜单, 字幕, 子标题 (多种语言).', 'www.bladerunner.com', 0),
(6, 2, '黑客帝国 链接', '地区代码: 2 (日本, 欧洲, 中东, 南非).\r\n<br />\r\n语言: 英语, 德语.\r\n<br />\r\n子标题: 英语, 德语.\r\n<br />\r\n音频: 杜比环绕\r\n<br />\r\n图像格式: 16:9 宽屏\r\n<br />\r\n长度: (约) 131 分钟.\r\n<br />\r\n其它: 交互式菜单, 字幕', 'www.thematrix.com', 0),
(7, 2, '电子情书 链接', '地区代码: 2 (日本, 欧洲, 中东, 南非). <br />语言: 英语, 德语, 西班牙语. <br />子标题: 英语, 德语, 西班牙语, 法语, 北欧, 波兰. <br />音频: 杜比环绕 5.1。<br />图像格式: 16:9 宽屏 <br />长度: (约) 115 分钟. <br />其它: 交互式菜单, 字幕, 子标题 (多种语言).', 'www.youvegotmail.com', 0),
(8, 2, '虫虫危机 链接', '地区代码: 2 (日本, 欧洲, 中东, 南非). <br />语言: 英语, 德语. <br />子标题: 英语, 德语, 西班牙语. <br />音频: 杜比数码 5.1 / 杜比环绕立体声。<br />图像格式: 16:9 宽屏 <br />长度: (约) 91 分钟. <br />其它: 交互式菜单, 字幕, 子标题 (多种语言).', 'www.abugslife.com', 0),
(9, 2, '潜龙轰天 链接', '地区代码: 2 (日本, 欧洲, 中东, 南非). <br />语言: 英语, 德语. <br />子标题: 英语, 德语, 西班牙语. <br />音频: 杜比环绕 5.1. <br />图像格式: 16:9 宽屏 <br />长度: (约) 98 分钟. <br />其它: 交互式菜单, 字幕, 子标题 (多种语言).', '', 0),
(10, 2, '潜龙轰天2 - 暴走潜龙', '地区代码: 2 (日本, 欧洲, 中东, 南非).\r\n<br />语言: 英语, 德语.\r\n<br />子标题: 英语, 德语, 西班牙语.\r\n<br />音频: 杜比环绕 5.1。\r\n<br />图像格式: 16:9 宽屏\r\n<br />长度: (约) 98 分钟.\r\n<br />其它: 交互式菜单, 字幕, 子标题 (多种语言).', '', 0),
(11, 2, '枪口朝下 链接', '地区代码: 2 (日本, 欧洲, 中东, 南非).\r\n<br />\r\n语言: 英语, 德语.\r\n<br />\r\n子标题: 英语, 德语, 西班牙语.\r\n<br />\r\n音频: 杜比环绕 5.1。\r\n<br />\r\n图像格式: 16:9 宽屏\r\n<br />\r\n长度: (约) 100 分钟.\r\n<br />\r\n其它: 交互式菜单, 字幕, 子标题 (多种语言).', '', 0),
(12, 2, '虎胆龙威 链接', '地区代码: 2 (日本, 欧洲, 中东, 南非). <br />语言: 英语, 德语. <br />子标题: 英语, 德语, 西班牙语. <br />音频: 杜比环绕 5.1。 <br />图像格式: 16:9 宽屏 <br />长度: (约) 122 分钟. <br />其它: 交互式菜单, 字幕, 子标题 (多种语言).', '', 0),
(13, 2, '致命武器 链接', '地区代码: 2 (日本, 欧洲, 中东, 南非).\r\n<br />\r\n语言: 英语, 德语.\r\n<br />\r\n子标题: 英语, 德语, 西班牙语.\r\n<br />\r\n音频: 杜比环绕 5.1。\r\n<br />\r\n图像格式: 16:9 宽屏\r\n<br />\r\n长度: (约) 100 分钟.\r\n<br />\r\n其它: 交互式菜单, 字幕, 子标题 (多种语言).', '', 0),
(14, 2, '红色角落 链接', '地区代码: 2 (日本, 欧洲, 中东, 南非).\r\n<br />\r\n语言: 英语, 德语.\r\n<br />\r\n子标题: 英语, 德语, 西班牙语.\r\n<br />\r\n音频: 杜比环绕 5.1。\r\n<br />\r\n图像格式: 16:9 宽屏\r\n<br />\r\n长度: (约) 117 分钟.\r\n<br />\r\n其它: 交互式菜单, 字幕, 子标题 (多种语言).', '', 0),
(15, 2, '惊狂记 链接', '地区代码: 2 (日本, 欧洲, 中东, 南非).\r\n<br />\r\n语言: 英语, 德语.\r\n<br />\r\n子标题: 英语, 德语, 西班牙语.\r\n<br />\r\n音频: 杜比环绕 5.1。\r\n<br />\r\n图像格式: 16:9 宽屏\r\n<br />\r\n长度: (约) 115 分钟.\r\n<br />\r\n其它: 交互式菜单, 字幕, 子标题 (多种语言).', '', 0),
(16, 2, '生死豪情 链接', '地区代码: 2 (日本, 欧洲, 中东, 南非).\r\n<br />\r\n语言: 英语, 德语.\r\n<br />\r\n子标题: 英语, 德语, 西班牙语.\r\n<br />\r\n音频: 杜比环绕 5.1。\r\n<br />\r\n图像格式: 16:9 宽屏\r\n<br />\r\n长度: (约) 112 分钟.\r\n<br />\r\n其它: 交互式菜单, 字幕, 子标题 (多种语言).', '', 0),
(17, 2, '生死时速 链接', '地区代码: 2 (日本, 欧洲, 中东, 南非).\r\n<br />\r\n语言: 英语, 德语.\r\n<br />\r\n子标题: 英语, 德语, 西班牙语.\r\n<br />\r\n音频: 杜比环绕 5.1。\r\n<br />\r\n图像格式: 16:9 宽屏\r\n<br />\r\n长度: (约) 112 分钟.\r\n<br />\r\n其它: 交互式菜单, 字幕, 子标题 (多种语言).', '', 0),
(18, 2, '生死时速2: 海上惊情', '地区代码: 2 (日本, 欧洲, 中东, 南非).\r\n<br />语言: 英语, 德语.\r\n<br />子标题: 英语, 德语, 西班牙语.\r\n<br />音频: 杜比环绕 5.1。\r\n<br />图像格式: 16:9 宽屏\r\n<br />长度: (约) 120 分钟.\r\n<br />其它: 交互式菜单, 字幕, 子标题 (多种语言).', '', 0),
(19, 2, '我为玛丽狂 链接', '地区代码: 2 (日本, 欧洲, 中东, 南非).\r\n<br />\r\n语言: 英语, 德语.\r\n<br />\r\n子标题: 英语, 德语, 西班牙语.\r\n<br />\r\n音频: 杜比环绕 5.1。\r\n<br />\r\n图像格式: 16:9 宽屏\r\n<br />\r\n长度: (约) 114 分钟.\r\n<br />\r\n其它: 交互式菜单, 字幕, 子标题 (多种语言).', '', 0),
(20, 2, '真爱 链接', '地区代码: 2 (日本, 欧洲, 中东, 南非).\r\n<br />\r\n语言: 英语, 德语.\r\n<br />\r\n子标题: 英语, 德语, 西班牙语.\r\n<br />\r\n音频: 杜比环绕 5.1。\r\n<br />\r\n图像格式: 16:9 宽屏\r\n<br />\r\n长度: (约) 164 分钟.\r\n<br />\r\n其它: 交互式菜单, 字幕, 子标题 (多种语言).', '', 0),
(21, 2, '洛城特警3: 精英编辑版 链接', 'Windows 95/98<br /><br />公元2005年，洛杉矶。洛城警局SWAT特勤小组受命保护参加签订废除核武条约的各国领袖，并瓦解恐怖份子的破坏计划。<br /><br />在这个版本中，除了原先的游戏主程序外，还包含了六个新的单人任务，以及原先缺乏的多人联机模式，再加上一堆新增功能及对象，让玩家自由设定进行任务的环境。而如果你已经厌倦了每次都扮演维持秩序的警察，这次可以来点不一样的，在精英版中，玩家除了可以担任特勤小组的警官外，还可以扮演专伺破坏的恐怖份子。', 'www.swat3.com', 0),
(22, 2, '虚幻竞技场 链接', '《虚幻竞技场》加入了许多单人游戏要素，证明开发小组也开始重视游戏的单人部分就像游戏一直注重的联机部分一样。就像Rein与游戏的制作小组成员Jeff Morris说的那样，虽然游戏的剧情方面虽然不会像《战争机器》那样引人入胜，但是可以让玩家了解整个故事的背景。整个虚幻竞技场的故事建立于未来的Super Bowl。统治企业为了平息手下员工的不满情绪，建立了一个格斗竞技场为员工提供消遣。而玩家则扮演一位年轻小伙子，为了向杀害他全家的公司报仇而义无反顾的进入了竞技场。', 'www.unrealtournament.net', 0),
(23, 2, '时空之轮 链接', '《时空之轮》是用《Unreal》的游戏引擎制作，亦即是说该游戏是一支第一身射击游戏。至于游戏的背景，则是著名作家RobertJordan笔下的神话世界。在Jordan笔下的世界中，人类因一时大意而放走了为祸世上的魔王DarkOne，而更惨的是，用以镇压DarkOne的封印亦在动乱中失去了。在数千年后，失落的封印重新被四股敌对的势力发现，遂展开了封印的争夺战。<br /><br />游戏内的法术共计四十种，可大约分为攻击、防守、移动和恢复能源多种，较诸一般射击游戏只靠枪炮去砍杀多姿多采得多了，而且开发小组亦体会到其他游戏的法术系统做得不平衡，形成「只靠一种法术便能过版」的情况，故在设计时亦着重法术间的平衡。举个例来说，一些法术准确度虽高，但其准备时间却要长得多，所以这些法术只可对付一些HP值低的敌人，务求一击便可将之打败。但趟若敌人的HP值高，用同一种法术时便会被人在攻击空档时反击，造成损伤。', 'www.wheeloftime.com', 0),
(24, 2, '圣战群英传: 神圣国度 链接', '游戏的概念与《英雄无敌III》非常相似。开始时玩家拥有自己的城堡和一些资源，当然还有英雄。你的任务就是派遣英雄在地图上清除异己，并且占领各种矿藏，象是水晶、黄金等等。然后用资源建立起来强大的军队与敌人作战从而获得胜利。游戏的进行方式是很传统的那种回合制，就是玩家走一步，对手走一步的那种。凡是玩过《英雄无敌III》的玩家玩起《神圣国度》应该非常容易上手，很快就可以进入角色，但在其中你又必定能够享受到许多全新的乐趣。', '', 0),
(25, 2, '微软键盘', '特别设计10个快捷功能键，拥有多个可自定义的热键', '', 0),
(26, 2, '微软鼠标', '人体工程学：支持 即插即用：支持 适用操作系统：与PC和Mac操作系统兼容 其它特性：Microsoft 光学感应技术', 'www.microsoft.com/hardware/mouse/explorer.asp', 0),
(27, 2, '惠普激打1100Xi 链接', '惠普打印机在激打领域是典范。新的惠普激打1100Xi每分钟打印8页，分辨率600dpi，支持Windows 3.1, 3.11, 95, 98, NT 4.0, OS/2及DOS。通过外接打印服务器支持网络打印。', 'www.pandi.hp.com/pandi-db/prodinfo.main?product=laserjet1100', 0),
(28, 2, '礼券5元', '现在就购买礼券，和您的家人、朋友或商业伙伴分享！', '', 0),
(29, 2, '礼券10元', '现在就购买礼券，和您的家人、朋友或商业伙伴分享！', '', 0),
(30, 2, '礼券25元', '现在就购买礼券，和您的家人、朋友或商业伙伴分享！', '', 0),
(31, 2, '礼券50元', '现在就购买礼券，和您的家人、朋友或商业伙伴分享！', '', 0),
(32, 2, '礼券100元', '现在就购买礼券，和您的家人、朋友或商业伙伴分享！', '', 0),
(34, 2, '虫虫危机 多款2003特别收藏版', '虫虫危机 多款2003特别收藏版\r\n<br />\r\n地区代码: 2 (日本, 欧洲, 中东, 南非).\r\n<br />\r\n语言: 英语, 德语.\r\n<br />\r\n子标题: 英语, 德语, 西班牙语.\r\n<br />\r\n音频: 杜比数码5.1 / 杜比环绕立体声.\r\n<br />\r\n图像格式: 16:9 宽屏\r\n<br />\r\n长度: (约) 91 分钟.\r\n<br />\r\nOther: Interactive Menus, Chapter Selection, 子标题 (多种语言).', 'www.abugslife.com', 0),
(36, 2, '惠普 - 属性促销', '本商品价格为0\r\n<br /><br />\r\n\r\n商品由属性定价设置为是\r\n<br /><br />\r\n\r\n属性价格定义不带前缀+\r\n<br /><br />\r\n\r\n显示价格根据每个选项组的最低属性价格决定。\r\n<br /><br />\r\n\r\n如果已有商品价格，显示价格将为现有基本价格加上每个最低属性价格。\r\n<br /><br />\r\n\r\n没有使用价格前缀+，因为不是在显示价格基础上增加。\r\n<br /><br />\r\n\r\n颜色属性设置为允许优惠，优惠前价格为:<br />\r\n白色499.99元<br />\r\n黑色519元<br />\r\n蓝色539元<br />', 'www.pandi.hp.com/pandi-db/prodinfo.main?product=laserjet1100', 0),
(57, 2, '免费商品 - 所有', '免费商品，没有价格。\r\n<br /><br />\r\n\r\n免运费也打开。\r\n<br /><br />\r\n\r\n如果单独购买，Zen Cart免运费支付模块会显示是否免运费。\r\n<br /><br />\r\n\r\n如果购买了其它有价商品或有运费，那么Zen Cart不会显示免运费支付模块，需要支付相应运费。', '', 0),
(101, 2, '测试120元 促销10% 无特价', '商品根据属性定价。\r\n<br /><br />\r\n\r\n属性选项: 颜色和尺寸包含在基价计算中\r\n<br /><br />\r\n\r\n礼物选项也包含在基价计算中，但因为 无 设置为0，这个选项的最低价格为0，所以不影响基价。\r\n<br /><br />\r\n\r\n如果 无 不是一个选项而你不想包含这些价格，可以设置所有的礼物选项属性不包含在基价计算中。\r\n<br /><br />\r\n\r\n商品价格为0\r\n<br /><br />\r\n\r\n无特价\r\n<br /><br />\r\n促销10%\r\n<br /><br />\r\n\r\n属性:<br />\r\n颜色:<br />\r\n- 红色100元<br />\r\n- 橙色50元<br />\r\n- 黄色75元\r\n<br /><br />\r\n\r\n尺寸:<br />\r\n请选择:<br />\r\n小号50元<br />\r\n中号75元<br />\r\n大号100元\r\n<br /><br />\r\n\r\n礼物选项:<br />\r\n- 礼物盒50元<br />\r\n- 亲笔签名卡75元<br />\r\n- 包装100元\r\n<br /><br />\r\n\r\n说明: 请选择... 是仅用于显示的选项，不计算基价。\r\n<br /><br />\r\n仅用于显示的选项，客户不能选择。只有选择另外一个选项，商品才能添加到购物车中。\r\n<br /><br />\r\n不计算基价表明，如果商品由属性定价，将不含该项。这样该组最低价格为小号50元而不是请选择的0元\r\n<br /><br />', '', 0),
(100, 2, '惠普- 属性允许优惠 有特价', '商品价格设置为0\r\n<br /><br />\r\n\r\n商品由属性定价设置为是\r\n<br /><br />\r\n\r\n属性价格定义不带前缀+\r\n<br /><br />\r\n\r\n显示价格根据每个选项组的最低属性价格决定。\r\n<br /><br />\r\n\r\n如果已有商品价格，显示价格将为现有基本价格加上每个最低属性价格。\r\n<br /><br />\r\n\r\n没有使用价格前缀+，因为不是在显示价格基础上增加。\r\n<br /><br />\r\n\r\n颜色属性设置为允许优惠，优惠前价格为:<br />\r\n白色499.99元<br />\r\n黑色519元<br />\r\n蓝色539元<br />', 'www.pandi.hp.com/pandi-db/prodinfo.main?product=laserjet1100', 0),
(39, 2, '免费商品', '免费商品，同时有特价。\r\n<br /><br />\r\n\r\n本商品显示原价、特价，最后是免费。\r\n<br /><br />\r\n\r\n这是免费商品，但是需要运费。', '', 0),
(40, 2, '价格面议商品', '价格面议商品，同时有特价。\r\n<br />\r\n\r\n本商品显示原价、特价，最后是价格面议。不能购买本商品。\r\n<br />', '', 0),
(41, 2, '价格面议 促销', '价格面议商品，有特价、有促销。\r\n<br /><br />\r\n\r\n显示原价、特价及价格面议。不能购买本商品。\r\n<br /><br />\r\n\r\n购买商品按钮自动改为价格面议，定义为: TEXT_CALL_FOR_PRICE\r\n<br /><br />\r\n\r\n这个链接将转到联系我们页面。\r\n<br /><br />', '', 0),
(42, 2, '免费商品 + 促销', '免费商品，同时有特价。\r\n<br />\r\n\r\n本商品设定了价格、特价，但同时又设定为免费。\r\n<br />', '', 0),
(43, 2, '带属性的免费商品', '免费商品，同时有特价。\r\n<br /><br />\r\n\r\n本商品设定了价格、特价，但同时又设定为免费。\r\n<br /><br />\r\n\r\属性可以设置为免费或不免费\r\n<br /><br />\r\n\r\n红色属性定价为5元，但设置为商品免费时属性也免费\r\n<br /><br />\r\n\r\n尺寸中号定价为1元，但设置为商品免费时属性也免费', '', 0),
(44, 2, '带属性的不可混合商品', '本商品含属性、最少购买数量、数量单位。\r\n<br /><br />\r\n\r\n允许属性混合设置为否，也就是说不可以混合购买不同属性的商品以达到最低购买数量和数量单位的要求。\r\n<br /><br />\r\n\r\n尺寸选项: 请选择... 是仅用于显示的属性。\r\n<br /><br />\r\n\r\n必须选择其中的一个选项，否则添加到购物车时，会报错。\r\n<br /><br />\r\n\r\n如有错误就不能结帐。', '', 0),
(46, 2, '带属性的可混合商品', '本商品含属性、最少购买数量、数量单位。\r\n<br /><br />\r\n\r\n允许属性混合设置为是，也就是说可以混合购买不同属性的商品以达到最低购买数量和数量单位的要求。\r\n<br /><br />\r\n\r\n尺寸选项: 请选择... 是仅用于显示的属性。\r\n<br /><br />\r\n\r\n必须选择其中的一个选项，否则添加到购物车时，会报错。\r\n<br /><br />\r\n\r\n如有错误就不能结帐。', '', 0),
(47, 2, '按属性定价的礼券', '按属性定价的礼券。', '', 0),
(48, 2, '测试一', '复制和删除属性的测试商品。\r\n<br /><br />\r\n本商品的所有图片位于/images及/images/large 目录。\r\n<br /><br />\r\n主图片为1_small.jpg\r\n<br /><br />\r\n/images 中的附加图片也会自动显示:<br />\r\n1_small_01.jpg<br />\r\n1_small_02.jpg<br />\r\n1_small_03.jpg<br />\r\n<br />\r\n大图位于/images/large:<br />\r\n1_small_01_LRG.jpg<br />\r\n1_small_02_LRG.jpg<br />\r\n1_small_03_LRG.jpg<br />\r\n\r\n<br /><br />\r\n\r\n附加图片的命名不一定要数字，用数字只是为了能按顺序显示这些图片。\r\n<br /><br />\r\n\r\n重要的是附加图片必须位于同一个目录，并且文件名的开头相同: 1_small，而且文件后缀一致: .jpg\r\n<br /><br />\r\n\r\n附加的大图片必须位于/large目录，并采用相同的名称和大图片后缀，在管理页面－商店设置－图象参数中设置，目前设置为 _LRG\r\n<br /><br />', '', 0),
(49, 2, '测试二', '复制和删除属性的测试商品。\r\n<br /><br />\r\n\r\n本商品属性通过管理页面 ... 商品管理 ... 属性控制 ... 从 测试一 复制商品属性到 测试二。\r\n<br /><br />\r\n\r\n本商品没有附加图片。\r\n<br /><br />\r\n\r\n没有大图片在/large中\r\n<br /><br />\r\n\r\n采用相同的命名: 2_small 、大图片后缀 _LRG 以及相同的后缀 .jpg 生成新的名字: /images/large/2_small_LRG.jpg\r\n<br /><br />', '', 0),
(50, 2, '测试三', '复制和删除属性的测试商品。\r\n<br /><br />\r\n\r\n本商品属性通过管理页面 ... 商品管理 ... 属性控制 ... 从 测试二 复制商品属性到 测试三。\r\n<br /><br />\r\n\r\n本商品没有附加图片。\r\n<br /><br />\r\n\r\n没有大图片在/large中\r\n<br /><br />\r\n\r\n点击放大时，除非原图比小图片大，否则弹出窗口中的图片是一样的。\r\n<br /><br />', '', 0),
(51, 2, '全免商品 重量10', '免费商品\r\n<br /><br />\r\n\r\商品价格为25元 ... 免费是因为本商品设置中:\r\n<br />\r\n免费商品: 是\r\n<br /><br />\r\n\r\n这样商品有显示价格，但实际价格为0\r\n<br /><br />\r\n\r\n重量设置为10，也可以设置为0。免运费是因为设置了免运费为是\r\n<br /><br />\r\n\r\n免运费设置为: 是<br />\r\n不需要运费，但是需要送货地址。\r\n<br /><br />\r\n\r\n因为价格为0且免运费，Zen Cart将显示免费模块而不显示其它支付模块。\r\n<br /><br />\r\n\r\n可以自己修改Zen Cart免费模块的文字。\r\n<br /><br />\r\n\r\n说明: 如果添加了其它收费商品或需要运费，Zen Cart免费模块将不显示，而显示通用的支付模块。', '', 0),
(52, 2, '全免商品 虚拟商品', '商品价格为0\r\n<br /><br />\r\n\r\n重量设置为2 ...\r\n<br /><br />\r\n\r\n虚拟商品设置为是 ... 将不用输入配送地址\r\n<br /><br />', '', 0),
(53, 2, '最少数量及属性混合', '本商品设置最少购买数量和数量单位。\r\n<br /><br />\r\n\r\n最少购买数量设置为6，数量单位为3\r\n<br /><br />\r\n\r\n最少购买数量和数量单位，用于限制客户购买商品的数量，以及数量单位。\r\n<br /><br />\r\n\r\n本商品最少需要购买6件，且数量必须为 3 ... 9, 12, 15, 18, 等等。\r\n<br /><br />\r\n\r\n如果购买数量不正确，将无法结帐。\r\n<br /><br />\r\n\r\n添加到购物车时，商品页面的数量方框很"聪明"，会根据购物车中的商品自动调整。\r\n<br /><br />\r\n\r\n新进商品和商品列表下的添加到购物车按钮也很聪明 ... 也会自动调整添加到购物车中的商品。\r\n<br /><br />\r\n\r\n例如: 如果购物车中有1件商品，点击添加到购物车按钮，将添加5件以满足最少6件的购买数量。再次点添加按钮，将增加3件，以满足数量单位的要求。\r\n<br /><br />\r\n\r\n允许属性混合适用有属性的商品。\r\n<br /><br />\r\n\r\n如果允许混合，那么将允许不同属性的商品混合以达到最低购买数量和数量单位的要求。例如，可以混合1件蓝色、3件银色、2件绿色的来购买最少6件商品。\r\n<br /><br />\r\n\r\n如果不允许混合，那就不能混合2件蓝色、2件银色、2件绿色的来购买最低6件商品。\r\n<br /><br />\r\n\r\n本商品设置允许属性混合为是', '', 0),
(54, 2, '最少购买和数量单位 非混合', '本商品设置了最少购买数量和数量单位。\r\n<br /><br />\r\n\r\n最少购买数量设置为6，数量单位设置为3\r\n<br /><br />\r\n\r\n最少购买数量和数量单位，用于限制客户购买商品的数量，以及数量单位。\r\n<br /><br />\r\n\r\n本商品最少需要购买6件，且数量必须为 3 ... 9, 12, 15, 18, 等等。\r\n<br /><br />\r\n\r\n如果购买数量不正确，将无法结帐。\r\n<br /><br />\r\n\r\n添加到购物车时，商品页面的数量方框很"聪明"，会根据购物车中的商品自动调整。\r\n<br /><br />\r\n\r\n新进商品和商品列表下的添加到购物车按钮也很聪明 ... 也会自动调整添加到购物车中的商品。\r\n<br /><br />\r\n\r\n例如: 如果购物车中有1件商品，点击添加到购物车按钮，将添加5件以满足最少6件的购买数量。再次点添加按钮，将增加3件，以满足数量单位的要求。\r\n<br /><br />\r\n\r\n允许属性混合适用有属性的商品。\r\n<br /><br />\r\n\r\n如果允许混合，那么将允许不同属性的商品混合以达到最低购买数量和数量单位的要求。例如，可以混合1件蓝色、3件银色、2件绿色的来购买最少6件商品。\r\n<br /><br />\r\n\r\n如果不允许混合，那就不能混合2件蓝色、2件银色、2件绿色的来购买最低6件商品。\r\n<br /><br />\r\n\r\n本商品设置允许属性混合为否', '', 0),
(55, 2, '最少购买和数量单位 混合 - 促销', '本商品设置了最少购买数量和数量单位。\r\n<br /><br />\r\n\r\n最少购买数量设置为6，数量单位设置为3\r\n<br /><br />\r\n\r\n最少购买数量和数量单位，用于限制客户购买商品的数量，以及数量单位。\r\n<br /><br />\r\n\r\n本商品最少需要购买6件，且数量必须为 3 ... 9, 12, 15, 18, 等等。\r\n<br /><br />\r\n\r\n如果购买数量不正确，将无法结帐。\r\n<br /><br />\r\n\r\n添加到购物车时，商品页面的数量方框很"聪明"，会根据购物车中的商品自动调整。\r\n<br /><br />\r\n\r\n新进商品和商品列表下的添加到购物车按钮也很聪明 ... 也会自动调整添加到购物车中的商品。\r\n<br /><br />\r\n\r\n例如: 如果购物车中有1件商品，点击添加到购物车按钮，将添加5件以满足最少6件的购买数量。再次点添加按钮，将增加3件，以满足数量单位的要求。\r\n<br /><br />\r\n\r\n允许属性混合适用有属性的商品。\r\n<br /><br />\r\n\r\n如果允许混合，那么将允许不同属性的商品混合以达到最低购买数量和数量单位的要求。例如，可以混合1件蓝色、3件银色、2件绿色的来购买最少6件商品。\r\n<br /><br />\r\n\r\n如果不允许混合，那就不能混合2件蓝色、2件银色、2件绿色的来购买最低6件商品。\r\n<br /><br />\r\n\r\n本商品设置允许属性混合为是\r\n<br /><br />\r\n\r\n本商品有促销', '', 0),
(56, 2, '最少购买和数量单位 非混合 - 促销', '本商品设置了最少购买数量和数量单位。\r\n<br /><br />\r\n\r\n最少购买数量设置为6，数量单位设置为3\r\n<br /><br />\r\n\r\n最少购买数量和数量单位，用于限制客户购买商品的数量，以及数量单位。\r\n<br /><br />\r\n\r\n本商品最少需要购买6件，且数量必须为 3 ... 9, 12, 15, 18, 等等。\r\n<br /><br />\r\n\r\n如果购买数量不正确，将无法结帐。\r\n<br /><br />\r\n\r\n添加到购物车时，商品页面的数量方框很"聪明"，会根据购物车中的商品自动调整。\r\n<br /><br />\r\n\r\n新进商品和商品列表下的添加到购物车按钮也很聪明 ... 也会自动调整添加到购物车中的商品。\r\n<br /><br />\r\n\r\n例如: 如果购物车中有1件商品，点击添加到购物车按钮，将添加5件以满足最少6件的购买数量。再次点添加按钮，将增加3件，以满足数量单位的要求。\r\n<br /><br />\r\n\r\n允许属性混合适用有属性的商品。\r\n<br /><br />\r\n\r\n如果允许混合，那么将允许不同属性的商品混合以达到最低购买数量和数量单位的要求。例如，可以混合1件蓝色、3件银色、2件绿色的来购买最少6件商品。\r\n<br /><br />\r\n\r\n如果不允许混合，那就不能混合2件蓝色、2件银色、2件绿色的来购买最低6件商品。\r\n<br /><br />\r\n\r\n本商品设置允许属性混合为否\r\n<br /><br />\r\n\r\n本商品有促销', '', 0),
(59, 2, '惠普 - 属性定价', '本商品价格设置为0\r\n<br /><br />\r\n\r\n商品由属性定价设置为是\r\n<br /><br />\r\n\r\n属性价格定义不带前缀+\r\n<br /><br />\r\n\r\n显示价格根据每个选项组的最低属性价格决定。\r\n<br /><br />\r\n\r\n如果已有商品价格，显示价格将为现有基本价格加上每个最低属性价格。\r\n<br /><br />\r\n\r\n没有使用价格前缀+，因为不是在显示价格基础上增加。\r\n<br /><br />', 'www.pandi.hp.com/pandi-db/prodinfo.main?product=laserjet1100', 0),
(60, 2, '惠普 - 促销包括属性', '本商品价格设置为499.75元\r\n<br /><br />\r\n\r\n促销减价10%\r\n<br /><br />\r\n\r\n属性也设置为优惠。\r\n<br /><br />\r\n\r\n优惠前:<br />\r\n蓝色 +20元<br />\r\n黑色 +10元<br />\r\n白色 原价\r\n<br /><br />\r\n\r\n4M +50元<br />\r\n8M +75元<br />\r\n16M +100元\r\n<br /><br />', 'www.pandi.hp.com/pandi-db/prodinfo.main?product=laserjet1100', 0),
(61, 2, '惠普 - 促销不包括属性', '本商品价格设置为499.75元\r\n<br /><br />\r\n\r\n促销减价10%\r\n<br /><br />\r\n\r\n属性设置为没有优惠。\r\n<br /><br />\r\n\r\n优惠前:<br />\r\n蓝色 +20元<br />\r\n黑色 +10元<br />\r\n白色 原价\r\n<br /><br />\r\n\r\n4M +50元<br />\r\n8M +75元<br />\r\n16M +100元\r\n<br /><br />', 'www.pandi.hp.com/pandi-db/prodinfo.main?product=laserjet1100', 0),
(111, 2, '测试120元 特价90元 促销-5元 忽略特价', '原价120元\r\n<br /><br />\r\n\r\n特价90元或25% - 忽略特价\r\n<br /><br />\r\n\r\n促销-5元\r\n<br /><br />\r\n\r\n\r\nAttributes:<br />\r\n颜色:<br />\r\n- 红色100元<br />\r\n- 橙色50元<br />\r\n- 黄色75元\r\n<br /><br />\r\n\r\n尺寸:<br />\r\n请选择:<br />\r\n小号50元<br />\r\n中号75元<br />\r\n大号100元\r\n<br /><br />\r\n\r\n礼物选项:<br />\r\n- 礼物盒50元<br />\r\n- 亲笔签名卡75元<br />\r\n- 包装100元\r\n<br /><br />\r\n\r\n说明: 请选择... 是仅用于显示的选项，不计算基价。\r\n<br /><br />\r\n仅用于显示的选项，客户不能选择。只有选择另外一个选项，商品才能添加到购物车中。\r\n<br /><br />\r\n不计算基价表明，如果商品由属性定价，将不含该项。这样该组最低价格为小号50元而不是请选择的0元\r\n<br /><br />', '', 0),
(110, 2, '测试120元 促销-5元 忽略特价', '原价120元\r\n<br /><br />\r\n促销-5元\r\n<br /><br />\r\n忽略特价\r\n<br /><br />\r\n\r\n属性:<br />\r\n颜色:<br />\r\n- 红色100元<br />\r\n- 橙色50元<br />\r\n- 黄色75元\r\n<br /><br />\r\n\r\n尺寸:<br />\r\n请选择:<br />\r\n小号50元<br />\r\n中号75元<br />\r\n大号100元\r\n<br /><br />\r\n\r\n礼物选项:<br />\r\n- 礼物盒50元<br />\r\n- 亲笔签名卡75元<br />\r\n- 包装100元\r\n<br /><br />\r\n\r\n说明: 请选择... 是仅用于显示的选项，不计算基价。\r\n<br /><br />\r\n仅用于显示的选项，客户不能选择。只有选择另外一个选项，商品才能添加到购物车中。\r\n<br /><br />\r\n不计算基价表明，如果商品由属性定价，将不含该项。这样该组最低价格为小号50元而不是请选择的0元\r\n<br /><br />', '', 0),
(109, 2, '隐藏数量方框的方法', '本商品加入购物车时，不显示数量方框。\r\n<br /><br />\r\n\r\n当显示数量方框设置为是时，商品的最大购买数量被设置为1。\r\n\r\n点击添加到购物车按钮时，只会添加一件商品。\r\n<br /><br />\r\n\r\n因为这是下载类商品，下载类商品不需要购买多件。\r\n<br /><br />\r\n\r\n说明: 如果将显示数量方框设置为否，除非最大购买数量同时设置为1，否则点击添加到购物车按钮时，会增加一件商品。如果最大购买数量设置为1，那么一个订单最多只能有一件本商品。\r\n<br /><br />\r\n\r\n有两种方法用于隐藏数量方框。\r\n<br /><br />\r\n\r\n方法一: 设置显示数量方框为否\r\n<br /><br />\r\n\r\n方法二: 设置最大购买数量为1\r\n<br /><br />\r\n\r\n两种方式都只能购买一件本商品，同时不显示数量方框。\r\n<br /><br />', '', 0),
(133, 2, '多个下载', '<p>本商品设置为包含多个下载。</p><p>本商品价格49.99元</p><p>属性设置为两个选项名称，每个下载一个，可以同时下载两个文件。</p><p>第一个下载是:</p><p>选项名: 版本<br />选项值: 下载Windows - 英语<br />选项值: 下载Windows - 西班牙语<br />选项值: 下载MAC - 英语<br /></p><p>第二个下载是:</p><p>选项名: 文档<br />选项值: PDF - 英语<br />选项值: MS Word- 英语</p>', '', 0),
(134, 2, '按字收费 - 必填', '<p>商品由属性定价</p><p>选项名的第一行设置为文本</p><p>属性设置为必填</p><p>价格为每字0.02元</p><p>选项名的第二行设置为文本</p><p>属性设置为必填</p><p>价格为每字0.02元，前3个字免费</p><p>颜色为单选，缺省为红色。</p>', '', 0),
(74, 2, '惠普 - 属性定价 特价 无促销', '本商品价格设置为0 特价设置为20%\r\n<br /><br />\r\n\r\n商品由属性定价设置为是\r\n<br /><br />\r\n\r\n属性价格定义不带前缀+\r\n<br /><br />\r\n\r\n显示价格根据每个选项组的最低属性价格决定。\r\n<br /><br />\r\n\r\n如果已有商品价格，显示价格将为现有基本价格加上每个最低属性价格。\r\n<br /><br />\r\n\r\n没有使用价格前缀+，因为不是在显示价格基础上增加。\r\n<br /><br />\r\n\r\n颜色属性设置为允许优惠，优惠前价格为:<br />\r\n白色 499.99元<br />\r\n黑色 519元<br />\r\n蓝色 539元\r\n<br /><br />\r\n\r\n特价为100元优惠。这100元优惠应用于所有设置为优惠的属性。', 'www.pandi.hp.com/pandi-db/prodinfo.main?product=laserjet1100', 0),
(130, 2, '特价商品', '<p>特价商品，原价15元，特价10元</p><p>批量优惠已设置，将在特价基础上优惠。</p><p>数量优惠在商品价格管理菜单中设置。</p>', '', 0),
(131, 2, '按词收费 - 必填', '<p>商品由属性定价</p><p>选项名的第一行设置为文本</p><p>属性设置为必填</p><p>价格为每词0.05元</p><p>选项名的第二行设置为文本</p><p>属性设置为必填</p><p>价格为每词0.05元，前3个词免费</p><p>颜色为单选，缺省为红色。</p>', '', 0),
(132, 2, '高尔夫球杆', '<p>商品价格设置为0，商品重量设置为1</p><p>同时设置了属性定价</p><p>由属性定价，每根球杆14.45元，重量加1。</p><p>这样每增加一根球杆，商品重量增加1克。</p><p>在商品简介、购物车、订单、电子邮件及帐号记录中球杆都按照属性排序。</p>', '', 0),
(85, 2, '测试120元 特价90元', '原价120元\r\n<br /><br />\r\n\r\n特价90元或25% 无促销。\r\n<br /><br />\r\n\r\n\r\n属性:<br />\r\n颜色:<br />\r\n- 红色100元<br />\r\n- 橙色50元<br />\r\n- 黄色75元\r\n<br /><br />\r\n\r\n尺寸:<br />\r\n请选择:<br />\r\n小号50元<br />\r\n中号75元<br />\r\n大号100元\r\n<br /><br />\r\n\r\n礼物选项:<br />\r\n- 礼物盒50元<br />\r\n- 亲笔签名卡75元<br />\r\n- 包装100元\r\n<br /><br />\r\n\r\n说明: 请选择... 是仅用于显示的选项，不计算基价。\r\n<br /><br />\r\n仅用于显示的选项，客户不能选择。只有选择另外一个选项，商品才能添加到购物车中。\r\n<br /><br />\r\n不计算基价表明，如果商品由属性定价，将不含该项。这样该组最低价格为小号50元而不是请选择的0元\r\n<br /><br />', '', 0),
(78, 2, '测试 25%特价 10%促销 属性定价', '属性定价 - 商品价格设置为0\r\n<br /><br />\r\n所有属性含价格。\r\n\r\n<br /><br />\r\n原价0\r\n<br /><br />\r\n特价25%\r\n<br /><br />\r\n促销10%\r\n<br /><br />', '', 0),
(79, 2, '测试 25%特价 属性定价', '属性定价 - 商品价格设置为0\r\n<br /><br />\r\n所有属性含价格。\r\n\r\n<br /><br />\r\n原价0\r\n<br /><br />\r\n特价25%\r\n<br /><br />', '', 0),
(80, 2, '测试 25%特价', '原价100元\r\n<br /><br />\r\n特价25%\r\n<br /><br />', '', 0),
(84, 2, '测试120元', '原价120元\r\n<br /><br />\r\n\r\n无特价，无促销。\r\n<br /><br />\r\n\r\n属性:<br />\r\n颜色:<br />\r\n- 红色100元<br />\r\n- 橙色50元<br />\r\n- 黄色75元<br />\r\n- 绿色40元\r\n<br /><br />\r\n\r\n尺寸:<br />\r\n请选择:<br />\r\n特小号40元<br />\r\n小号50元<br />\r\n中号75元<br />\r\n大号100元\r\n<br /><br />\r\n\r\n礼物选项:<br />\r\n- 无<br /> \r\n- 礼物盒40元<br />\r\n- 收藏盒50元<br />\r\n- 亲笔签名卡75元<br />\r\n- 包装100元\r\n<br /><br />\r\n\r\n特色: <br />\r\n设计精美<br />\r\n客户定制<br />\r\n当日发货<br />\r\n<br /><br />\r\n\r\n说明: 请选择... 是仅用于显示的选项，不计算基价。\r\n<br /><br />\r\n\r\n仅用于显示的选项，客户不能选择。只有选择另外一个选项，商品才能添加到购物车中。\r\n<br /><br />\r\n\r\n不计算基价表明，如果商品由属性定价，将不含该项。这样该组最低价格为小号50元而不是请选择的0元\r\n<br /><br />\r\n\r\n说明: 无类似仅显示，但能用在非必选项中。\r\n<br /><br />\r\n\r\n价格设置为0，未选择仅显示。\r\n<br /><br />\r\n\r\n因为价格为0，如果用在属性基价给商品定价，本选项的值为0\r\n<br /><br />\r\n\r\n说明: 选项名: 特色 是只读选项\r\n<br /><br />\r\n用于显示商品信息，但不显示在购物车或订单中，不能用于计算属性基价。\r\n<br /><br />', '', 0),
(82, 2, '测试120元 促销-5元', '原价120元\r\n<br /><br />\r\n促销-5元\r\n<br /><br />\r\n\r\n属性:<br />\r\n颜色:<br />\r\n- 红色100元<br />\r\n- 橙色50元<br />\r\n- 黄色75元\r\n<br /><br />\r\n\r\n尺寸:<br />\r\n请选择:<br />\r\n小号50元<br />\r\n中号75元<br />\r\n大号100元\r\n<br /><br />\r\n\r\n礼物选项:<br />\r\n- 礼物盒50元<br />\r\n- 亲笔签名卡75元<br />\r\n- 包装100元\r\n<br /><br />\r\n\r\n说明: 请选择... 是仅用于显示的选项，不计算基价。\r\n<br /><br />\r\n仅用于显示的选项，客户不能选择。只有选择另外一个选项，商品才能添加到购物车中。\r\n<br /><br />\r\n不计算基价表明，如果商品由属性定价，将不含该项。这样该组最低价格为小号50元而不是请选择的0元\r\n<br /><br />', '', 0),
(83, 2, '测试120元 特价90元 促销-5元', '原价120元\r\n<br /><br />\r\n\r\n特价90元或25%\r\n<br /><br />\r\n\r\n促销-5元\r\n<br /><br />\r\n\r\n\r\n属性:<br />\r\n颜色:<br />\r\n- 红色100元<br />\r\n- 橙色50元<br />\r\n- 黄色75元\r\n<br /><br />\r\n\r\n尺寸:<br />\r\n请选择:<br />\r\n小号50元<br />\r\n中号75元<br />\r\n大号100元\r\n<br /><br />\r\n\r\n礼物选项:<br />\r\n- 礼物盒50元<br />\r\n- 亲笔签名卡75元<br />\r\n- 包装100元\r\n<br /><br />\r\n\r\n说明: 请选择... 是仅用于显示的选项，不计算基价。\r\n<br /><br />\r\n仅用于显示的选项，客户不能选择。只有选择另外一个选项，商品才能添加到购物车中。\r\n<br /><br />\r\n不计算基价表明，如果商品由属性定价，将不含该项。这样该组最低价格为小号50元而不是请选择的0元\r\n<br /><br />', '', 0),
(76, 2, '测试 25%特价 10%促销', '原价100元\r\n<br /><br />\r\n特价25%\r\n<br /><br />\r\n促销10%\r\n<br /><br />', '', 0),
(106, 2, '最多三件', '本商品只允许购买3件，因为商品最大购买数量设置为3。\r\n<br /><br />\r\n\r\n表明将显示数量方框。\r\n<br /><br />\r\n\r\n添加商品按钮将不会添加超过3件本商品到购物车\r\n<br /><br />', '', 0),
(104, 2, '隐藏数量方框', '本商品在添加到购物车时，不显示数量方框。\r\n<br /><br />\r\n\r\n点击添加到购物车时，将增加一件本商品到购物车中。\r\n<br /><br />\r\n\r\n说明: 如果将显示数量方框设置为否，除非最大购买数量同时设置为1，否则点击添加到购物车按钮时，会增加一件商品。如果最大购买数量设置为1，那么一个订单最多只能有一件本商品。\r\n<br /><br />\r\n\r\n因为图象名为: 1_small.jpg<br />\r\n且保存在/images 目录 ...\r\n<br /><br />\r\n\r\n将自动显示其它匹配的图片:\r\n<br /><br />\r\n/images/1_small_00.jpg<br />\r\n/images/1_small_02.jpg<br />\r\n/images/1_small_03.jpg\r\n<br /><br />\r\n\r\n也将显示匹配的位于 /images/large 目录的大图片:\r\n<br /><br />\r\n/images/large/1_small_00_LRG.jpg<br />\r\n/images/large/1_small_02_LRG.jpg<br />\r\n/images/large/1_small_03_LRG.jpg\r\n<br /><br />\r\n\r\n附加图片的文件名开头必须和商品图片的名称一致，后缀也必须一致。\r\n<br /><br />\r\n\r\n这些图片会自动显示。\r\n<br /><br />', '', 0),
(105, 2, '最多一件', '本商品只允许购买1件，因为商品最大购买数量设置为1。\r\n<br /><br />\r\n\r\n表明将不显示数量方框。\r\n<br /><br />\r\n\r\n添加商品按钮将不会添加超过1件本商品到购物车\r\n<br /><br />', '', 0),
(88, 2, '测试120元 促销 特价90元 无条件', '商品价格120元\r\n<br /><br />\r\n特价105元\r\n<br /><br />\r\n促销价90元或25% - 不含特价\r\n<br /><br />\r\n\r\n属性:<br />\r\n颜色:<br />\r\n- 红色100元<br />\r\n- 橙色50元<br />\r\n- 黄色75元\r\n<br /><br />\r\n\r\n尺寸:<br />\r\n请选择:<br />\r\n小号50元<br />\r\n中号75元<br />\r\n大号100元\r\n<br /><br />\r\n\r\n礼物选项:<br />\r\n- 礼物盒50元<br />\r\n- 亲笔签名卡75元<br />\r\n- 包装100元\r\n<br /><br />\r\n\r\n说明: 请选择... 是仅用于显示的选项，不计算基价。\r\n<br /><br />\r\n仅用于显示的选项，客户不能选择。只有选择另外一个选项，商品才能添加到购物车中。\r\n<br /><br />\r\n不计算基价表明，如果商品由属性定价，将不含该项。这样该组最低价格为小号50元而不是请选择的0元\r\n<br /><br />', '', 0),
(89, 2, '测试120元 促销10% 无特价 无条件', '商品价格120元\r\n<br /><br />\r\n无特价\r\n<br /><br />\r\n促销10% - 不含特价\r\n<br /><br />\r\n\r\n属性:<br />\r\n颜色:<br />\r\n- 红色100元<br />\r\n- 橙色50元<br />\r\n- 黄色75元\r\n<br /><br />\r\n\r\n尺寸:<br />\r\n请选择:<br />\r\n小号50元<br />\r\n中号75元<br />\r\n大号100元\r\n<br /><br />\r\n\r\n礼物选项:<br />\r\n- 礼物盒50元<br />\r\n- 亲笔签名卡75元<br />\r\n- 包装100元\r\n<br /><br />\r\n\r\n说明: 请选择... 是仅用于显示的选项，不计算基价。\r\n<br /><br />\r\n仅用于显示的选项，客户不能选择。只有选择另外一个选项，商品才能添加到购物车中。\r\n<br /><br />\r\n不计算基价表明，如果商品由属性定价，将不含该项。这样该组最低价格为小号50元而不是请选择的0元\r\n<br /><br />', '', 0),
(90, 2, '测试120元 促销10% 有特价', '商品价格120元\r\n<br /><br />\r\n特价25%或90元\r\n<br /><br />\r\n促销 10%\r\n<br /><br />\r\n\r\n属性:<br />\r\n颜色:<br />\r\n- 红色100元<br />\r\n- 橙色50元<br />\r\n- 黄色75元\r\n<br /><br />\r\n\r\n尺寸:<br />\r\n请选择:<br />\r\n小号50元<br />\r\n中号75元<br />\r\n大号100元\r\n<br /><br />\r\n\r\n礼物选项:<br />\r\n- 礼物盒50元<br />\r\n- 亲笔签名卡75元<br />\r\n- 包装100元\r\n<br /><br />\r\n\r\n说明: 请选择... 是仅用于显示的选项，不计算基价。\r\n<br /><br />\r\n仅用于显示的选项，客户不能选择。只有选择另外一个选项，商品才能添加到购物车中。\r\n<br /><br />\r\n不计算基价表明，如果商品由属性定价，将不含该项。这样该组最低价格为小号50元而不是请选择的0元\r\n<br /><br />', '', 0),
(92, 2, '测试120元 促销10% 无特价', '商品价格120元\r\n<br /><br />\r\n无特价\r\n<br /><br />\r\n实际优惠 10%\r\n<br /><br />\r\n\r\n属性:<br />\r\n颜色:<br />\r\n- 红色100元<br />\r\n- 橙色50元<br />\r\n- 黄色75元\r\n<br /><br />\r\n\r\n尺寸:<br />\r\n请选择:<br />\r\n小号50元<br />\r\n中号75元<br />\r\n大号100元\r\n<br /><br />\r\n\r\n礼物选项:<br />\r\n- 礼物盒50元<br />\r\n- 亲笔签名卡75元<br />\r\n- 包装100元\r\n<br /><br />\r\n\r\n说明: 请选择... 是仅用于显示的选项，不计算基价。\r\n<br /><br />\r\n仅用于显示的选项，客户不能选择。只有选择另外一个选项，商品才能添加到购物车中。\r\n<br /><br />\r\n不计算基价表明，如果商品由属性定价，将不含该项。这样该组最低价格为小号50元而不是请选择的0元\r\n<br /><br />', '', 0),
(93, 2, '测试120元 无特价 促销价100元', '商品价格120元\r\n<br /><br />\r\n无特价\r\n<br /><br />\r\n新价格100元\r\n<br /><br />\r\n\r\n属性:<br />\r\n颜色:<br />\r\n- 红色100元<br />\r\n- 橙色50元<br />\r\n- 黄色75元\r\n<br /><br />\r\n\r\n尺寸:<br />\r\n请选择:<br />\r\n小号50元<br />\r\n中号75元<br />\r\n大号100元\r\n<br /><br />\r\n\r\n礼物选项:<br />\r\n- 礼物盒50元<br />\r\n- 亲笔签名卡75元<br />\r\n- 包装100元\r\n<br /><br />\r\n\r\n采用新价格时，属性不受促销价影响\r\n<br /><br />\r\n\r\n说明: 请选择... 是仅用于显示的选项，不计算基价。\r\n<br /><br />\r\n仅用于显示的选项，客户不能选择。只有选择另外一个选项，商品才能添加到购物车中。\r\n<br /><br />\r\n不计算基价表明，如果商品由属性定价，将不含该项。这样该组最低价格为小号50元而不是请选择的0元\r\n<br /><br />', '', 0),
(94, 2, '测试120元 特价25% 促销价100元', '商品价格120元\r\n<br /><br />\r\n特价25%或90元\r\n<br /><br />\r\n新价格100元\r\n<br /><br />\r\n\r\n属性:<br />\r\n颜色:<br />\r\n- 红色100元<br />\r\n- 橙色50元<br />\r\n- 黄色75元\r\n<br /><br />\r\n\r\n尺寸:<br />\r\n请选择:<br />\r\n小号50元<br />\r\n中号75元<br />\r\n大号100元\r\n<br /><br />\r\n\r\n礼物选项:<br />\r\n- 礼物盒50元<br />\r\n- 亲笔签名卡75元<br />\r\n- 包装100元\r\n<br /><br />\r\n\r\n采用新价格时，属性不受促销价影响\r\n<br /><br />\r\n\r\n说明: 请选择... 是仅用于显示的选项，不计算基价。\r\n<br /><br />\r\n仅用于显示的选项，客户不能选择。只有选择另外一个选项，商品才能添加到购物车中。\r\n<br /><br />\r\n不计算基价表明，如果商品由属性定价，将不含该项。这样该组最低价格为小号50元而不是请选择的0元\r\n<br /><br />', '', 0),
(95, 2, '测试120元 特价25% 促销价100元 不含特价', '商品价格120元\r\n<br /><br />\r\n特价25%或90元\r\n<br /><br />\r\n新价格100元\r\n<br /><br />\r\n\r\n属性:<br />\r\n颜色:<br />\r\n- 红色100元<br />\r\n- 橙色50元<br />\r\n- 黄色75元\r\n<br /><br />\r\n\r\n尺寸:<br />\r\n请选择:<br />\r\n小号50元<br />\r\n中号75元<br />\r\n大号100元\r\n<br /><br />\r\n\r\n礼物选项:<br />\r\n- 礼物盒50元<br />\r\n- 亲笔签名卡75元<br />\r\n- 包装100元\r\n<br /><br />\r\n\r\n采用新价格时，属性不受促销价影响\r\n<br /><br />\r\n\r\n说明: 请选择... 是仅用于显示的选项，不计算基价。\r\n<br /><br />\r\n仅用于显示的选项，客户不能选择。只有选择另外一个选项，商品才能添加到购物车中。\r\n<br /><br />\r\n不计算基价表明，如果商品由属性定价，将不含该项。这样该组最低价格为小号50元而不是请选择的0元\r\n<br /><br />', '', 0),
(96, 2, '测试120元 无特价 促销价100元 不含特价', '商品价格120元\r\n<br /><br />\r\n无特价\r\n<br /><br />\r\n新价格100元\r\n<br /><br />\r\n\r\n属性:<br />\r\n颜色:<br />\r\n- 红色100元<br />\r\n- 橙色50元<br />\r\n- 黄色75元\r\n<br /><br />\r\n\r\n尺寸:<br />\r\n请选择:<br />\r\n小号50元<br />\r\n中号75元<br />\r\n大号100元\r\n<br /><br />\r\n\r\n礼物选项:<br />\r\n- 礼物盒50元<br />\r\n- 亲笔签名卡75元<br />\r\n- 包装100元\r\n<br /><br />\r\n\r\n采用新价格时，属性不受促销价影响\r\n<br /><br />\r\n\r\n说明: 请选择... 是仅用于显示的选项，不计算基价。\r\n<br /><br />\r\n仅用于显示的选项，客户不能选择。只有选择另外一个选项，商品才能添加到购物车中。\r\n<br /><br />\r\n不计算基价表明，如果商品由属性定价，将不含该项。这样该组最低价格为小号50元而不是请选择的0元\r\n<br /><br />', '', 0),
(97, 2, '测试120元 促销10% 有特价 - 原价基础上', '商品价格120元\r\n<br /><br />\r\n特价25%或90元\r\n<br /><br />\r\n实际优惠 10%\r\n<br /><br />\r\n\r\n属性:<br />\r\n颜色:<br />\r\n- 红色100元<br />\r\n- 橙色50元<br />\r\n- 黄色75元\r\n<br /><br />\r\n\r\n尺寸:<br />\r\n请选择:<br />\r\n小号50元<br />\r\n中号75元<br />\r\n大号100元\r\n<br /><br />\r\n\r\n礼物选项:<br />\r\n- 礼物盒50元<br />\r\n- 亲笔签名卡75元<br />\r\n- 包装100元\r\n<br /><br />\r\n\r\n说明: 请选择... 是仅用于显示的选项，不计算基价。\r\n<br /><br />\r\n仅用于显示的选项，客户不能选择。只有选择另外一个选项，商品才能添加到购物车中。\r\n<br /><br />\r\n不计算基价表明，如果商品由属性定价，将不含该项。这样该组最低价格为小号50元而不是请选择的0元\r\n<br /><br />', '', 0),
(98, 2, '测试120元 促销10% 无特价 - 原价基础上', '商品价格120元\r\n<br /><br />\r\n无特价\r\n<br /><br />\r\n实际优惠 10%\r\n<br /><br />\r\n\r\n属性:<br />\r\n颜色:<br />\r\n- 红色100元<br />\r\n- 橙色50元<br />\r\n- 黄色75元\r\n<br /><br />\r\n\r\n尺寸:<br />\r\n请选择:<br />\r\n小号50元<br />\r\n中号75元<br />\r\n大号100号\r\n<br /><br />\r\n\r\n礼物选项:<br />\r\n- 礼物盒50元<br />\r\n- 亲笔签名卡75元<br />\r\n- 包装100元\r\n<br /><br />\r\n\r\n说明: 请选择... 是仅用于显示的选项，不计算基价。\r\n<br /><br />\r\n仅用于显示的选项，客户不能选择。只有选择另外一个选项，商品才能添加到购物车中。\r\n<br /><br />\r\n不计算基价表明，如果商品由属性定价，将不含该项。这样该组最低价格为小号50元而不是请选择的0元\r\n<br /><br />', '', 0),
(99, 2, '有重量免运费商品', '本商品免运费。\r\n<br /><br />\r\n\r\n重量设置为5\r\n<br /><br />\r\n\r\n重量设置为5，但是免运费设置为是，免运费模块已安装。\r\n<br /><br />', '', 0),
(107, 2, '无重量免运费商品', '本商品免运费。\r\n<br /><br />\r\n\r\n重量设置为0\r\n<br /><br />\r\n\r\n免运费设置为否，免运费模块已安装，仍然为免运费。\r\n<br /><br />\r\n\r\n在商店设置－配送参数 ... 零重量商品免运费设置为是。\r\n<br /><br />\r\n\r\n说明: 如果修改该设置，那么即使商品重量为零，也不会免运费。\r\n<br /><br />', '', 0),
(108, 2, '缺货商品', '本商品缺货，因为商品数量 <= 0\r\n<br /><br />\r\n\r\n商店设置－库存选项中，缺货商品的状态为打开，允许结帐设置为否，添加商品按钮变成商品缺货图标。\r\n<br /><br />\r\n\r\n如果修改商店设置－库存选项，可以设置为即使缺货，也能购买。\r\n<br /><br />', '', 0),
(112, 2, '测试二', '测试商品，当一个分类中商品数超过12时，分页显示未链接、无特价、无促销的商品等。', '', 0),
(113, 2, '测试四', '测试商品，当一个分类中商品数超过12时，分页显示未链接、无特价、无促销的商品等。', '', 0),
(114, 2, '测试五', '测试商品，当一个分类中商品数超过12时，分页显示未链接、无特价、无促销的商品等。', '', 0),
(115, 2, '测试一', '测试商品，当一个分类中商品数超过12时，分页显示未链接、无特价、无促销的商品等。', '', 0),
(116, 2, '测试八', '测试商品，当一个分类中商品数超过12时，分页显示未链接、无特价、无促销的商品等。', '', 0),
(117, 2, '测试三', '测试商品，当一个分类中商品数超过12时，分页显示未链接、无特价、无促销的商品等。', '', 0),
(118, 2, '测试十', '测试商品，当一个分类中商品数超过12时，分页显示未链接、无特价、无促销的商品等。', '', 0),
(119, 2, '测试六', '测试商品，当一个分类中商品数超过12时，分页显示未链接、无特价、无促销的商品等。', '', 0),
(120, 2, '测试七', '测试商品，当一个分类中商品数超过12时，分页显示未链接、无特价、无促销的商品等。', '', 0),
(121, 2, '测试十二', '测试商品，当一个分类中商品数超过12时，分页显示未链接、无特价、无促销的商品等。', '', 0),
(122, 2, '测试九', '测试商品，当一个分类中商品数超过12时，分页显示未链接、无特价、无促销的商品等。', '', 0),
(123, 2, '测试十一', '测试商品，当一个分类中商品数超过12时，分页显示未链接、无特价、无促销的商品等。', '', 0),
(127, 2, '普通商品', '<p>这是普通商品15元</p><p>设置了数量优惠。</p><p>数量优惠在商品价格管理菜单中设置。</p>', '', 0),
(154, 2, '绳子', '<p>绳子按尺或码出售，最少购买10尺或10码</p><p>商品价格1元<br />商品重量为0</p><p>选项值:<br />每尺原价，重0.25克<br />每码加1.5元，重0.75克</p>', '', 0),
(155, 2, '价格因素', '<p>本商品价格为10元</p><p>属性中设置了价格因素</p><p>红色10元<br />黄色20元<br />绿色30元</p><p>因此，最终价格为 商品价格 + 价格因素 * 商品价格</p>', '', 0),
(156, 2, '价格因素调整', '<p>本商品价格为10元</p><p>属性中设置了价格因素和价格因素调整</p><p>红色为10元 (0元)<br />黄色为20元 (10元)<br />绿色为30元 (20元)</p><p>价格因素调整设置为1，最终价格为 商品价格 + 价格因素 * 商品价格 - 价格因素调整 * 商品价格</p>', '', 0),
(157, 2, '属性的价格因素调整', '<p>本商品价格为10元</p><p>商品根据属性定价。</p><p>属性由价格因素、价格因素调整定价。</p><p>商品价格仅用于计算价格因素。</p><p>红色为10元 (0元)<br />黄色为20元 (10元)<br />绿色为30元 (20元)</p><p>价格因素调整设置为1，最终价格为 商品价格 + 价格因素 * 商品价格 - 价格因素调整 * 商品价格</p>', '', 0),
(158, 2, '基本费', '<p>本商品设置为颜色加45元。</p><p>红色另加5元<br />黄色另加10元<br />绿色另加15元</p>', '', 0),
(159, 2, '属性批量优惠', '<p>属性批量优惠是根据购买的商品数量设置不同的优惠。</p><p>演示设置: </p><p>红色:<br />3:10.00,6:9.00,9:8.00,12:7.00,15:6.00</p><p>黄色<br />3:10.50,6:9.50,9:8.50,12:7.50,15:6.50</p><p>绿色:<br />3:11.00,6:10.00,9:9.00,12:8.00,15:7.00</p><p>优惠金额、批量的数量将以表格形式显示。</p>', '', 0),
(160, 2, '高尔夫球杆', '<p>商品价格设置为0，重量为1</p><p>同时设置了属性定价</p><p>每根球杆14.45元，重量加1。</p><p>这样每增加一根球杆，商品重量增加1克。</p><p>在商品简介、购物车、订单、电子邮件及帐号记录中球杆都按照属性排序。</p>', '', 0),
(165, 2, '绳子', '<p>绳子按尺或码出售，最少购买10尺或10码</p><p>商品价格1元<br />商品重量为0</p><p>选项值:<br />每尺原价，重0.25克<br />每码加1.5元，重0.75克</p>', '', 0),
(166, 2, 'Russ Tippins Band - The Hunter', '', '', 0),
(167, 2, '测试文档', '这是测试文档', '', 0),
(168, 2, '商品样品 普通类型', '普通商品类型用于普通商品。\r\n\r\n不需要特别修改。', '', 0),
(169, 2, '商品样品 音乐类型', '音乐类型用于音乐类商品。\r\n\r\n比普通商品更灵活。', '', 0),
(170, 2, '文档样品 普通类型', '文档普通类型用于文档类商品。\r\n\r\n不能购买，可以显示在文档边框中。如果需要显示文档边框，可以在 工具－外观控制 中打开。', '', 0),
(171, 2, '文档样品 商品类型', '文档商品类型用于可出售类文档。<br /><br />可以显示部分文档内容并出售。<br /><br />本商品类型也可以用于下载类文档。<br /><br />文档商品类型可以用在文档边框或商品分类边框，取决于主分类id的设置。<br /><br />本商品也链接到文档分类目录下，这样可以同时显示在文档分类边框和商品分类边框。', '', 0),
(172, 2, '商品样品 免运费', '<p>商品可以设置为免运费<br /><br />将显示免运费图标。<br /><br />在语言文件中定义ALWAYS_FREE_SHIPPING_ICON。可以为文字、图片、文字/图片混合或者什么也不显示。<br /><br />设置免运费时，商品重量多少都没关系。<br /><br />确认免运费配送模块打开! 否则，如果只有免运费商品，将无法结帐。<br /><br />注意本商品重量5克。由于设置为免运费，所以运费为零。<br /><br />不必使用免运费商品类型，只要设置商品为免运费。如果你想特别设置免运费类商品的显示页面，才需要使用免运费商品类型。<br /><br />包括一个只读选项: 运费，选项值: 免运费。只读选项不在订单中显示。</p>', '', 0),
(173, 2, '书', '本书可以邮寄或下载。<br /><br />\r\n\r\n邮寄有特价，下载无特价。<br /><br />\r\n\r\n在分类/商品中设置为:<br /><br />\r\n\r\n商品由属性定价: 是<br />\r\n商品价格: 0元<br />\r\n重量: 0<br /><br />\r\n\r\n选项名: 版本 (下拉菜单)<br /><br />\r\n选项值: 硬壳封面<br /><br />\r\n下载: MAC 英语<br /><br />\r\n下载: Windows 英语<br /><br />\r\n\r\n属性设置为:<br />\r\n选项名: 版本<br />\r\n选项值: 硬壳封面<br />\r\n价格前缀为空<br />\r\n价格: 52.50元<br />\r\n重量前缀为空<br />\r\n重量: 1<br />\r\n由属性定价时包含在基价中: 是<br />\r\n应用优惠于特价/促销: 是<br /><br />\r\n\r\n选项名: 版本<br />\r\n选项值: 下载: MAC 英语<br />\r\n价格前缀为空<br />\r\n价格: 20元<br />\r\n重量: 0\r\n由属性定价时不包含在基价中<br />\r\n由属性定价时不包含在基价中: 否<br /><br />\r\n\r\n选项名: 版本<br />\r\n选项值: 下载: Windows: 英语<br />\r\n价格前缀为空<br />\r\n价格: 20元<br />\r\n重量: 0<br />\r\n由属性定价时包含在基价中: 否<br />\r\n应用优惠于特价/促销: 否<br /><br />\r\n\r\n特价47.50元<br /><br />', '', 0),
(174, 2, '价格面议 无价格', '价格面议商品，无价格<br />\r\n\r\n本商品显示原价、特价，最后是价格面议。不能购买本商品。\r\n<br />', '', 0),
(175, 2, '递增批量优惠', '<p>这是普通商品，价格60元</p><p>批量优惠基于原价。</p><p>批量优惠在商品价格管理中设置。</p><p>每多购买一件商品，有不同的优惠</p><p>说明: 属性不继承批量优惠。</p><p>属性继承特价或促销。可以设置每个属性，包含商品的特价或促销。</p><p>红色100元，设置为继承特价但不继承批量优惠。</p><p>绿色100元，设置为不继承特价，不继承批量优惠。</p>', '', 0),
(176, 2, '普通商品12件', '<p>这是普通商品，价格100元</p><p>批量优惠基于原价，数量12件。</p><p>批量优惠在商品价格管理中设置。</p>', '', 0),
(177, 2, '特价商品12件', '<p>这是特价商品，原价100元，特价75元</p><p>批量优惠基于特价，数量12件。</p><p>批量优惠在商品价格管理中设置。</p>', '', 0),
(178, 2, '递增批量优惠 有特价', '<p>这是普通商品，价格60元，特价50元</p><p>批量优惠基于原价。</p><p>批量优惠在商品价格管理中设置。</p><p>每多购买一件商品，有不同的优惠</p><p>说明: 属性不继承批量优惠。</p><p>属性继承特价或促销。可以设置每个属性，包含商品的特价或促销。</p><p>红色100元，设置为继承特价但不继承批量优惠。</p><p>绿色100元，设置为不继承特价，不继承批量优惠。</p>', '', 0),
(179, 2, '单个下载', '<p>本商品设置为单个下载。</p><p>商品价格39.99元</p><p>属性含1个选项名，允许多种类型的下载。</p><p>下载为:</p><p>选项名: 文档<br />选项值: PDF - 英语<br />选项值: MS Word - 英语</p>', '', 0);


INSERT INTO products_options (products_options_id, language_id, products_options_name, products_options_sort_order, products_options_type, products_options_length, products_options_comment, products_options_size, products_options_images_per_row, products_options_images_style) VALUES (1, 2, '颜色', 10, 2, 32, '', 32, 5, 0),
(2, 2, '尺寸', 20, 0, 32, '', 32, 5, 0),
(3, 2, '型号', 30, 0, 32, '', 32, 5, 0),
(4, 2, '内存', 50, 0, 32, '', 32, 5, 0),
(5, 2, '版本', 40, 0, 32, '', 32, 5, 0),
(6, 2, '媒体', 60, 0, 32, '', 32, 5, 0),
(17, 2, '资料', 45, 0, 32, NULL, 32, 5, 0),
(16, 2, '球杆', 800, 3, 32, '', 32, 5, 0),
(7, 2, '背面图标', 310, 4, 32, '', 32, 5, 0),
(8, 2, '正面图标', 300, 4, 32, '您可以上传自己的图像', 32, 5, 0),
(9, 2, '第二行', 410, 1, 64, '', 40, 5, 0),
(10, 2, '第一行', 400, 1, 64, '输入的文字最多64个字符、标点符号或空格', 40, 5, 0),
(11, 2, '第三行', 420, 1, 64, '', 40, 5, 0),
(12, 2, '第四行', 430, 1, 64, '', 40, 5, 0),
(13, 2, '礼物', 70, 3, 32, '选项:', 32, 5, 0),
(14, 2, '金额', 200, 2, 32, '', 32, 5, 0),
(15, 2, '特色', 700, 5, 32, '&nbsp;', 32, 5, 0),
(18, 2, '长度', 70, 0, 32, '', 32, 5, 0),
(19, 2, '交货', 600, 5, 32, '', 32, 0, 0);

INSERT INTO products_options_values (products_options_values_id, language_id, products_options_values_name, products_options_values_sort_order) VALUES (1, 2, '4 mb', 10),
(2, 2, '8MB', 20),
(3, 2, '16MB', 30),
(4, 2, '32MB', 40),
(5, 2, '超值', 10),
(6, 2, '高级', 20),
(7, 2, '豪华', 30),
(8, 2, 'PS/2', 20),
(9, 2, 'USB', 10),
(10, 2, '下载: Windows - 英文', 10),
(13, 2, '盒装: Windows - 英文', 1000),
(14, 2, 'DVD/VHS', 30),
(15, 2, '蓝色', 50),
(16, 2, '红色', 10),
(17, 2, '黄色', 30),
(18, 2, '中号', 30),
(63, 2, 'WORD - 英文', 20),
(19, 2, '超小', 10),
(62, 2, 'PDF - 英文', 10),
(61, 2, '2杆', 20),
(20, 2, '大号', 40),
(60, 2, '8杆', 80),
(59, 2, '7杆', 70),
(21, 2, '小号', 20),
(58, 2, '挖起杆', 200),
(57, 2, '9杆', 90),
(22, 2, 'VHS', 20),
(23, 2, 'DVD', 10),
(56, 2, '6杆', 60),
(55, 2, '5杆', 50),
(24, 2, '二十世纪', 10),
(54, 2, '4杆', 40),
(53, 2, '3杆', 30),
(25, 2, '橙色', 20),
(26, 2, '绿色', 40),
(27, 2, '紫色', 60),
(28, 2, '褐色', 70),
(29, 2, '黑色', 80),
(30, 2, '白色', 90),
(31, 2, '银色', 100),
(32, 2, '金色', 110),
(64, 2, '下载: MAC - 英语', 100),
(34, 2, '外包装', 40),
(35, 2, '签名卡', 30),
(36, 2, '礼品盒', 20),
(37, 2, '请选择 ...', 5),
(38, 2, '5元', 5),
(39, 2, '10元', 10),
(40, 2, '25元', 25),
(41, 2, '15元', 15),
(42, 2, '50元', 50),
(43, 2, '100元', 100),
(44, 2, '请选择 ...', 5),
(45, 2, '无', 5),
(46, 2, '无', 5),
(47, 2, '装饰盒', 10),
(49, 2, '客户定制', 20),
(48, 2, '无', 5),
(50, 2, '当日发货', 30),
(51, 2, '设计精美', 10),
(52, 2, '下载: Windows - 西班牙', 20),
(65, 2, '每尺', 10),
(66, 2, '每码', 20),
(67, 2, '免运费!', 10),
(68, 2, '硬壳封面', 5);

INSERT INTO record_artists_info (artists_id, languages_id, artists_url, url_clicked, date_last_click) VALUES (1, 2, 'russtippinsband.users.btopenworld.com', 0, NULL);

INSERT INTO record_company_info (record_company_id, languages_id, record_company_url, url_clicked, date_last_click) VALUES (1, 2, 'www.hmvgroup.com', 0, NULL);

INSERT INTO reviews_description (reviews_id, languages_id, reviews_text) VALUES (1, 2, '这是一部很有趣的旧电影！');
